Date,Low,Open,Volume,High,Close,Adjusted Close
05-10-2007,8.5,8.5,0,8.5,8.5,8.5
08-10-2007,7.5,9.5,300,9.5,9.5,9.5
09-10-2007,6.5,7.5,400,7.5,6.5,6.5
10-10-2007,6.5,6.5,0,6.5,6.5,6.5
11-10-2007,9.0,9.0,300,9.0,9.0,9.0
12-10-2007,9.0,10.0,300,11.5,10.0,10.0
15-10-2007,10.0,10.0,100,11.5,11.5,11.5
16-10-2007,11.5,11.5,400,12.25,12.25,12.25
17-10-2007,11.25,12.5,100,12.5,12.0,12.0
18-10-2007,12.0,12.0,0,12.0,12.0,12.0
19-10-2007,11.0,11.0,300,12.5,11.25,11.25
22-10-2007,11.25,11.25,0,11.25,11.25,11.25
23-10-2007,11.25,11.25,0,11.25,11.25,11.25
24-10-2007,7.5,7.5,1100,12.25,11.25,11.25
25-10-2007,6.5,7.5,600,7.5,6.5,6.5
26-10-2007,6.5,6.5,500,6.5,6.5,6.5
29-10-2007,6.0,6.0,0,6.0,6.0,6.0
30-10-2007,6.0,6.0,0,6.0,6.0,6.0
31-10-2007,6.0,6.0,0,6.0,6.0,6.0
01-11-2007,6.0,6.25,1000,6.25,6.0,6.0
02-11-2007,6.25,13.25,1100,13.25,6.75,6.75
05-11-2007,6.75,7.0,700,7.0,6.75,6.75
06-11-2007,7.0,7.0,700,7.5,7.5,7.5
07-11-2007,6.25,6.25,200,6.25,6.25,6.25
08-11-2007,6.25,6.25,0,6.25,6.25,6.25
09-11-2007,6.25,6.25,0,6.25,6.25,6.25
12-11-2007,6.25,6.25,0,6.25,6.25,6.25
13-11-2007,6.25,6.25,0,6.25,6.25,6.25
14-11-2007,6.25,6.25,0,6.25,6.25,6.25
15-11-2007,3.75,4.25,400,4.25,3.75,3.75
16-11-2007,3.75,3.75,300,3.75,3.75,3.75
19-11-2007,3.0,3.75,0,3.75,3.0,3.0
20-11-2007,2.5,3.0,900,3.0,3.0,3.0
21-11-2007,3.0,3.0,400,3.0,3.0,3.0
23-11-2007,3.0,3.0,400,3.0,3.0,3.0
26-11-2007,2.5,2.5,600,2.75,2.5,2.5
27-11-2007,2.5,2.5,0,2.5,2.5,2.5
28-11-2007,3.25,3.25,200,3.25,3.25,3.25
29-11-2007,2.5,3.0,500,3.0,2.5,2.5
30-11-2007,2.5,2.5,0,2.5,2.5,2.5
03-12-2007,1.5,2.5,700,2.5,2.5,2.5
04-12-2007,1.5,1.5,0,1.5,1.5,1.5
05-12-2007,1.5,1.5,0,1.5,1.5,1.5
06-12-2007,1.75,2.5,800,2.5,2.0,2.0
07-12-2007,1.25,1.5,1700,1.5,1.25,1.25
10-12-2007,1.5,1.5,1800,2.0,2.0,2.0
11-12-2007,2.0,2.0,1600,2.0,2.0,2.0
12-12-2007,1.5,1.5,200,2.0,1.5,1.5
13-12-2007,2.0,2.0,0,2.0,2.0,2.0
14-12-2007,2.0,2.0,0,2.0,2.0,2.0
17-12-2007,1.5,1.5,700,2.0,2.0,2.0
18-12-2007,2.0,2.0,0,2.0,2.0,2.0
19-12-2007,2.0,2.0,0,2.0,2.0,2.0
20-12-2007,2.0,2.0,0,2.0,2.0,2.0
21-12-2007,2.0,2.0,0,2.0,2.0,2.0
24-12-2007,2.0,2.0,0,2.0,2.0,2.0
26-12-2007,1.5,2.0,1000,2.0,1.5,1.5
27-12-2007,2.0,2.0,200,2.0,2.0,2.0
28-12-2007,2.0,2.0,0,2.0,2.0,2.0
31-12-2007,1.5,3.0,100,3.0,1.5,1.5
02-01-2008,2.25,2.25,200,2.25,2.25,2.25
03-01-2008,2.25,2.25,0,2.25,2.25,2.25
04-01-2008,2.5,3.0,700,5.0,5.0,5.0
07-01-2008,5.0,5.0,0,5.0,5.0,5.0
08-01-2008,5.0,5.0,0,5.0,5.0,5.0
09-01-2008,4.5,5.0,100,5.0,4.5,4.5
10-01-2008,4.75,5.0,800,5.0,5.0,5.0
11-01-2008,2.0,3.0,1100,3.0,2.25,2.25
14-01-2008,2.25,2.75,600,2.75,2.25,2.25
15-01-2008,2.0,3.0,2400,5.0,5.0,5.0
16-01-2008,5.0,6.25,1700,6.25,5.0,5.0
17-01-2008,3.75,5.0,1400,5.0,3.75,3.75
18-01-2008,2.5,2.5,1900,4.5,4.5,4.5
22-01-2008,4.5,4.5,0,4.5,4.5,4.5
23-01-2008,2.5,2.5,400,4.0,4.0,4.0
24-01-2008,1.0,4.0,2900,5.5,5.0,5.0
25-01-2008,2.5,4.5,4900,4.5,3.5,3.5
28-01-2008,2.5,2.75,2400,4.5,2.5,2.5
29-01-2008,2.25,2.25,3800,4.25,3.75,3.75
30-01-2008,2.0,2.25,3000,3.75,3.75,3.75
31-01-2008,2.5,3.0,4000,4.25,3.75,3.75
01-02-2008,2.25,2.75,4800,4.0,4.0,4.0
04-02-2008,3.25,4.0,600,4.0,4.0,4.0
05-02-2008,2.25,2.75,800,4.0,3.75,3.75
06-02-2008,2.5,3.25,800,3.75,3.25,3.25
07-02-2008,2.5,2.5,600,3.25,3.25,3.25
08-02-2008,2.5,3.0,1500,3.0,3.0,3.0
11-02-2008,1.75,2.25,1300,3.0,2.25,2.25
12-02-2008,2.5,3.0,0,3.0,2.5,2.5
13-02-2008,2.0,2.0,200,3.0,3.0,3.0
14-02-2008,1.75,1.75,1200,2.25,1.75,1.75
15-02-2008,1.75,1.75,500,2.5,2.5,2.5
19-02-2008,1.5,1.75,3600,2.5,1.75,1.75
20-02-2008,1.25,1.75,3000,2.0,1.75,1.75
21-02-2008,1.5,1.75,700,1.75,1.5,1.5
22-02-2008,1.0,1.5,2300,1.75,1.75,1.75
25-02-2008,1.0,1.25,1700,1.25,1.25,1.25
26-02-2008,1.0,1.0,1700,1.5,1.5,1.5
27-02-2008,1.0,1.5,2800,1.5,1.25,1.25
28-02-2008,1.0,1.25,1700,1.25,1.0,1.0
29-02-2008,0.75,1.0,2700,1.25,1.25,1.25
03-03-2008,0.75,0.75,200,0.75,0.75,0.75
04-03-2008,1.25,1.25,9600,3.0,2.75,2.75
05-03-2008,2.0,2.75,2400,3.25,3.25,3.25
06-03-2008,2.0,2.0,5000,4.5,3.25,3.25
07-03-2008,2.5,3.0,3000,3.5,3.0,3.0
10-03-2008,2.0,3.5,100,3.5,3.5,3.5
11-03-2008,1.75,2.0,300,3.0,1.75,1.75
12-03-2008,1.5,1.75,2000,3.0,1.5,1.5
13-03-2008,1.25,1.25,1900,2.5,1.75,1.75
14-03-2008,1.25,1.75,2000,2.5,1.25,1.25
17-03-2008,1.0,1.5,4000,1.75,1.25,1.25
18-03-2008,1.5,1.5,1300,2.5,2.5,2.5
19-03-2008,1.0,1.5,600,1.5,1.0,1.0
20-03-2008,1.5,1.5,600,1.5,1.5,1.5
24-03-2008,1.0,1.0,1800,1.25,1.0,1.0
25-03-2008,0.75,1.25,3200,1.25,1.0,1.0
26-03-2008,0.75,0.75,800,0.75,0.75,0.75
27-03-2008,1.0,1.0,1100,1.25,1.0,1.0
28-03-2008,0.75,1.0,1200,1.5,1.5,1.5
31-03-2008,0.75,0.75,8200,1.0,0.75,0.75
01-04-2008,0.75,0.75,2400,0.75,0.75,0.75
02-04-2008,0.75,0.75,100,0.75,0.75,0.75
03-04-2008,0.5,0.75,4100,0.75,0.75,0.75
04-04-2008,0.5,0.75,7000,0.75,0.5,0.5
07-04-2008,0.5,0.75,400,0.75,0.5,0.5
08-04-2008,0.5,0.5,1700,0.5,0.5,0.5
09-04-2008,0.5,0.5,500,0.5,0.5,0.5
10-04-2008,0.5,0.5,800,0.5,0.5,0.5
11-04-2008,0.5,0.5,400,0.5,0.5,0.5
14-04-2008,0.5,0.5,2800,0.5,0.5,0.5
15-04-2008,0.5,0.5,1200,0.5,0.5,0.5
16-04-2008,0.5,0.5,2000,0.5,0.5,0.5
17-04-2008,0.5,0.5,1200,0.5,0.5,0.5
18-04-2008,0.5,0.5,900,0.5,0.5,0.5
21-04-2008,0.5,0.5,7400,0.5,0.5,0.5
22-04-2008,0.5,0.5,4800,0.5,0.5,0.5
23-04-2008,0.5,0.5,3200,0.5,0.5,0.5
24-04-2008,0.5,0.5,1300,0.5,0.5,0.5
25-04-2008,0.25,0.5,400,0.5,0.25,0.25
28-04-2008,0.25,0.25,0,0.25,0.25,0.25
29-04-2008,0.5,0.5,8300,0.75,0.75,0.75
30-04-2008,0.75,0.75,0,0.75,0.75,0.75
01-05-2008,0.5,0.5,2500,0.5,0.5,0.5
02-05-2008,0.75,0.75,3000,1.5,1.5,1.5
05-05-2008,0.5,1.25,7700,1.25,0.5,0.5
06-05-2008,0.25,0.5,5800,0.5,0.5,0.5
07-05-2008,0.5,0.5,400,0.5,0.5,0.5
08-05-2008,0.5,0.5,200,0.5,0.5,0.5
09-05-2008,0.25,0.25,700,0.25,0.25,0.25
12-05-2008,0.25,0.25,0,0.25,0.25,0.25
13-05-2008,0.5,0.5,1100,0.5,0.5,0.5
14-05-2008,0.5,0.75,4700,0.75,0.5,0.5
15-05-2008,0.5,0.5,0,0.5,0.5,0.5
16-05-2008,0.25,0.25,3600,0.5,0.5,0.5
19-05-2008,0.5,0.5,400,0.5,0.5,0.5
20-05-2008,0.25,0.25,0,0.25,0.25,0.25
21-05-2008,0.25,0.25,0,0.25,0.25,0.25
22-05-2008,0.25,0.25,700,0.25,0.25,0.25
23-05-2008,0.25,0.25,0,0.25,0.25,0.25
27-05-2008,0.25,0.25,0,0.25,0.25,0.25
28-05-2008,0.25,0.25,0,0.25,0.25,0.25
29-05-2008,0.25,0.25,8500,0.25,0.25,0.25
30-05-2008,0.25,0.25,4100,0.25,0.25,0.25
02-06-2008,0.05000000074505806,0.3499999940395355,3100,0.3499999940395355,0.3499999940395355,0.3499999940395355
03-06-2008,0.3499999940395355,0.3499999940395355,1100,0.3499999940395355,0.3499999940395355,0.3499999940395355
04-06-2008,0.3499999940395355,0.3499999940395355,0,0.3499999940395355,0.3499999940395355,0.3499999940395355
05-06-2008,0.4000000059604645,0.4000000059604645,0,0.4000000059604645,0.4000000059604645,0.4000000059604645
06-06-2008,0.4000000059604645,0.4000000059604645,0,0.4000000059604645,0.4000000059604645,0.4000000059604645
09-06-2008,0.4000000059604645,0.4000000059604645,0,0.4000000059604645,0.4000000059604645,0.4000000059604645
10-06-2008,0.4000000059604645,0.4000000059604645,0,0.4000000059604645,0.4000000059604645,0.4000000059604645
11-06-2008,0.4000000059604645,0.4000000059604645,800,0.4000000059604645,0.4000000059604645,0.4000000059604645
12-06-2008,0.4000000059604645,0.4000000059604645,0,0.4000000059604645,0.4000000059604645,0.4000000059604645
13-06-2008,0.5,0.5,1200,0.5,0.5,0.5
16-06-2008,0.5,0.5,0,0.5,0.5,0.5
17-06-2008,0.5,0.5,0,0.5,0.5,0.5
18-06-2008,0.5,0.5,200,0.5,0.5,0.5
19-06-2008,0.5,0.5,0,0.5,0.5,0.5
20-06-2008,0.75,1.100000023841858,3000,2.1500000953674316,1.5,1.5
23-06-2008,0.75,0.75,600,1.5,1.5,1.5
24-06-2008,1.5,1.5,0,1.5,1.5,1.5
25-06-2008,1.5,1.5,0,1.5,1.5,1.5
26-06-2008,1.5,1.5,0,1.5,1.5,1.5
27-06-2008,0.6000000238418579,0.6000000238418579,100,0.6000000238418579,0.6000000238418579,0.6000000238418579
30-06-2008,0.6000000238418579,0.6000000238418579,600,0.6000000238418579,0.6000000238418579,0.6000000238418579
01-07-2008,0.6000000238418579,0.6000000238418579,1000,0.6000000238418579,0.6000000238418579,0.6000000238418579
02-07-2008,0.6000000238418579,0.6000000238418579,0,0.6000000238418579,0.6000000238418579,0.6000000238418579
03-07-2008,0.6000000238418579,0.6000000238418579,0,0.6000000238418579,0.6000000238418579,0.6000000238418579
07-07-2008,0.6000000238418579,0.6000000238418579,0,0.6000000238418579,0.6000000238418579,0.6000000238418579
08-07-2008,0.6000000238418579,0.6000000238418579,0,0.6000000238418579,0.6000000238418579,0.6000000238418579
09-07-2008,0.6000000238418579,0.6000000238418579,0,0.6000000238418579,0.6000000238418579,0.6000000238418579
10-07-2008,0.6000000238418579,0.6000000238418579,0,0.6000000238418579,0.6000000238418579,0.6000000238418579
11-07-2008,0.6000000238418579,0.6000000238418579,0,0.6000000238418579,0.6000000238418579,0.6000000238418579
14-07-2008,0.6000000238418579,0.6000000238418579,0,0.6000000238418579,0.6000000238418579,0.6000000238418579
15-07-2008,0.6000000238418579,0.6000000238418579,0,0.6000000238418579,0.6000000238418579,0.6000000238418579
16-07-2008,0.6000000238418579,0.6000000238418579,0,0.6000000238418579,0.6000000238418579,0.6000000238418579
17-07-2008,0.6000000238418579,0.6000000238418579,0,0.6000000238418579,0.6000000238418579,0.6000000238418579
18-07-2008,0.6000000238418579,0.6000000238418579,0,0.6000000238418579,0.6000000238418579,0.6000000238418579
21-07-2008,0.5,0.5,500,0.5,0.5,0.5
22-07-2008,0.5,0.5,0,0.5,0.5,0.5
23-07-2008,0.5,0.5,2000,0.5,0.5,0.5
24-07-2008,0.5,0.5,0,0.5,0.5,0.5
25-07-2008,0.5,0.5,0,0.5,0.5,0.5
28-07-2008,0.5,0.5,0,0.5,0.5,0.5
29-07-2008,0.5,0.5,0,0.5,0.5,0.5
30-07-2008,0.30000001192092896,0.30000001192092896,2100,0.6000000238418579,0.6000000238418579,0.6000000238418579
31-07-2008,0.6000000238418579,0.6000000238418579,0,0.6000000238418579,0.6000000238418579,0.6000000238418579
01-08-2008,0.30000001192092896,0.30000001192092896,2000,0.30000001192092896,0.30000001192092896,0.30000001192092896
04-08-2008,0.30000001192092896,0.30000001192092896,0,0.30000001192092896,0.30000001192092896,0.30000001192092896
05-08-2008,0.30000001192092896,0.30000001192092896,1700,0.30000001192092896,0.30000001192092896,0.30000001192092896
06-08-2008,0.30000001192092896,0.30000001192092896,0,0.30000001192092896,0.30000001192092896,0.30000001192092896
07-08-2008,0.30000001192092896,0.30000001192092896,0,0.30000001192092896,0.30000001192092896,0.30000001192092896
08-08-2008,0.30000001192092896,0.30000001192092896,0,0.30000001192092896,0.30000001192092896,0.30000001192092896
11-08-2008,0.30000001192092896,0.30000001192092896,0,0.30000001192092896,0.30000001192092896,0.30000001192092896
12-08-2008,0.30000001192092896,0.30000001192092896,0,0.30000001192092896,0.30000001192092896,0.30000001192092896
13-08-2008,0.75,0.75,1000,0.75,0.75,0.75
14-08-2008,0.5,0.5,2900,1.0,1.0,1.0
15-08-2008,1.0,1.0,0,1.0,1.0,1.0
18-08-2008,1.0,1.0,0,1.0,1.0,1.0
19-08-2008,1.0,1.0,0,1.0,1.0,1.0
20-08-2008,1.0,1.0,0,1.0,1.0,1.0
21-08-2008,1.0,1.0,0,1.0,1.0,1.0
22-08-2008,1.0,1.0,0,1.0,1.0,1.0
25-08-2008,1.0,1.0,0,1.0,1.0,1.0
26-08-2008,1.0,1.0,0,1.0,1.0,1.0
27-08-2008,1.0,1.0,0,1.0,1.0,1.0
28-08-2008,1.0,1.0,0,1.0,1.0,1.0
29-08-2008,1.0,1.0,0,1.0,1.0,1.0
02-09-2008,1.0,1.0,0,1.0,1.0,1.0
03-09-2008,1.0,1.0,0,1.0,1.0,1.0
04-09-2008,1.0,1.0,0,1.0,1.0,1.0
05-09-2008,0.75,0.75,1700,1.0,1.0,1.0
08-09-2008,0.75,0.75,2600,0.75,0.75,0.75
09-09-2008,0.75,0.75,0,0.75,0.75,0.75
10-09-2008,0.699999988079071,0.699999988079071,3100,1.0,1.0,1.0
11-09-2008,1.0,1.0,0,1.0,1.0,1.0
12-09-2008,1.0,1.0,0,1.0,1.0,1.0
15-09-2008,1.0,1.0,0,1.0,1.0,1.0
16-09-2008,1.0,1.0,0,1.0,1.0,1.0
17-09-2008,1.0,1.0,0,1.0,1.0,1.0
18-09-2008,0.8999999761581421,0.8999999761581421,100,0.8999999761581421,0.8999999761581421,0.8999999761581421
19-09-2008,0.30000001192092896,0.30000001192092896,1800,0.8999999761581421,0.5,0.5
22-09-2008,0.5,0.5,0,0.5,0.5,0.5
23-09-2008,0.8500000238418579,0.8999999761581421,11200,1.5,1.5,1.5
24-09-2008,0.75,1.5,1000,1.5,0.75,0.75
25-09-2008,0.75,0.75,1600,0.75,0.75,0.75
26-09-2008,0.75,0.75,0,0.75,0.75,0.75
29-09-2008,0.5,0.5,900,0.75,0.75,0.75
30-09-2008,0.75,0.75,100,0.75,0.75,0.75
01-10-2008,0.5,0.5,600,0.949999988079071,0.949999988079071,0.949999988079071
02-10-2008,0.5,0.5,400,1.25,1.25,1.25
03-10-2008,1.25,1.25,0,1.25,1.25,1.25
06-10-2008,1.2000000476837158,1.2000000476837158,100,1.2000000476837158,1.2000000476837158,1.2000000476837158
07-10-2008,1.0,1.0,1200,1.0,1.0,1.0
08-10-2008,1.0,1.0,0,1.0,1.0,1.0
09-10-2008,1.0,1.0,0,1.0,1.0,1.0
10-10-2008,1.0,1.0,0,1.0,1.0,1.0
13-10-2008,1.0,1.0,0,1.0,1.0,1.0
14-10-2008,1.0,1.0,0,1.0,1.0,1.0
15-10-2008,1.0,1.0,0,1.0,1.0,1.0
16-10-2008,1.0,1.0,0,1.0,1.0,1.0
17-10-2008,1.0,1.0,0,1.0,1.0,1.0
20-10-2008,1.0,1.0,0,1.0,1.0,1.0
21-10-2008,1.0,1.0,0,1.0,1.0,1.0
22-10-2008,1.0,1.0,0,1.0,1.0,1.0
23-10-2008,1.0,1.0,0,1.0,1.0,1.0
24-10-2008,1.0,1.0,0,1.0,1.0,1.0
27-10-2008,1.0,1.0,0,1.0,1.0,1.0
28-10-2008,1.0,1.0,0,1.0,1.0,1.0
29-10-2008,1.0,1.0,0,1.0,1.0,1.0
30-10-2008,1.0,1.0,0,1.0,1.0,1.0
31-10-2008,0.44999998807907104,0.44999998807907104,1800,0.44999998807907104,0.44999998807907104,0.44999998807907104
03-11-2008,0.44999998807907104,0.44999998807907104,0,0.44999998807907104,0.44999998807907104,0.44999998807907104
04-11-2008,0.44999998807907104,0.44999998807907104,0,0.44999998807907104,0.44999998807907104,0.44999998807907104
05-11-2008,0.44999998807907104,0.44999998807907104,0,0.44999998807907104,0.44999998807907104,0.44999998807907104
06-11-2008,0.44999998807907104,0.44999998807907104,0,0.44999998807907104,0.44999998807907104,0.44999998807907104
07-11-2008,0.44999998807907104,0.44999998807907104,0,0.44999998807907104,0.44999998807907104,0.44999998807907104
10-11-2008,0.44999998807907104,0.44999998807907104,0,0.44999998807907104,0.44999998807907104,0.44999998807907104
11-11-2008,0.44999998807907104,0.44999998807907104,0,0.44999998807907104,0.44999998807907104,0.44999998807907104
12-11-2008,0.44999998807907104,0.44999998807907104,0,0.44999998807907104,0.44999998807907104,0.44999998807907104
13-11-2008,0.44999998807907104,0.44999998807907104,1800,0.44999998807907104,0.44999998807907104,0.44999998807907104
14-11-2008,0.44999998807907104,0.44999998807907104,0,0.44999998807907104,0.44999998807907104,0.44999998807907104
17-11-2008,0.44999998807907104,0.44999998807907104,0,0.44999998807907104,0.44999998807907104,0.44999998807907104
18-11-2008,0.44999998807907104,0.44999998807907104,0,0.44999998807907104,0.44999998807907104,0.44999998807907104
19-11-2008,0.44999998807907104,0.44999998807907104,0,0.44999998807907104,0.44999998807907104,0.44999998807907104
20-11-2008,0.44999998807907104,0.44999998807907104,0,0.44999998807907104,0.44999998807907104,0.44999998807907104
21-11-2008,0.44999998807907104,0.44999998807907104,0,0.44999998807907104,0.44999998807907104,0.44999998807907104
24-11-2008,0.44999998807907104,0.44999998807907104,0,0.44999998807907104,0.44999998807907104,0.44999998807907104
25-11-2008,0.44999998807907104,0.44999998807907104,0,0.44999998807907104,0.44999998807907104,0.44999998807907104
26-11-2008,0.44999998807907104,0.44999998807907104,0,0.44999998807907104,0.44999998807907104,0.44999998807907104
28-11-2008,0.44999998807907104,0.44999998807907104,0,0.44999998807907104,0.44999998807907104,0.44999998807907104
01-12-2008,0.44999998807907104,0.44999998807907104,0,0.44999998807907104,0.44999998807907104,0.44999998807907104
02-12-2008,0.44999998807907104,0.44999998807907104,0,0.44999998807907104,0.44999998807907104,0.44999998807907104
03-12-2008,0.699999988079071,0.75,5900,1.25,1.0,1.0
04-12-2008,1.25,1.25,3300,1.600000023841858,1.25,1.25
05-12-2008,1.2000000476837158,1.2000000476837158,1400,1.2000000476837158,1.2000000476837158,1.2000000476837158
08-12-2008,1.100000023841858,1.25,4000,1.25,1.100000023841858,1.100000023841858
09-12-2008,1.100000023841858,1.100000023841858,0,1.100000023841858,1.100000023841858,1.100000023841858
10-12-2008,1.100000023841858,1.100000023841858,0,1.100000023841858,1.100000023841858,1.100000023841858
11-12-2008,1.100000023841858,1.100000023841858,0,1.100000023841858,1.100000023841858,1.100000023841858
12-12-2008,1.100000023841858,1.100000023841858,0,1.100000023841858,1.100000023841858,1.100000023841858
15-12-2008,1.100000023841858,1.100000023841858,0,1.100000023841858,1.100000023841858,1.100000023841858
16-12-2008,1.100000023841858,1.100000023841858,0,1.100000023841858,1.100000023841858,1.100000023841858
17-12-2008,1.100000023841858,1.100000023841858,0,1.100000023841858,1.100000023841858,1.100000023841858
18-12-2008,1.100000023841858,1.100000023841858,5600,2.75,1.5499999523162842,1.5499999523162842
19-12-2008,1.100000023841858,1.149999976158142,2000,1.149999976158142,1.100000023841858,1.100000023841858
22-12-2008,1.100000023841858,1.100000023841858,500,1.100000023841858,1.100000023841858,1.100000023841858
23-12-2008,1.100000023841858,1.100000023841858,0,1.100000023841858,1.100000023841858,1.100000023841858
24-12-2008,1.100000023841858,1.100000023841858,0,1.100000023841858,1.100000023841858,1.100000023841858
26-12-2008,1.100000023841858,1.100000023841858,0,1.100000023841858,1.100000023841858,1.100000023841858
29-12-2008,1.100000023841858,1.100000023841858,0,1.100000023841858,1.100000023841858,1.100000023841858
30-12-2008,1.100000023841858,1.100000023841858,7400,1.25,1.25,1.25
31-12-2008,1.25,1.25,1000,1.25,1.25,1.25
02-01-2009,1.0,1.0,1100,1.0,1.0,1.0
05-01-2009,1.0,1.0,0,1.0,1.0,1.0
06-01-2009,1.0,1.0,0,1.0,1.0,1.0
07-01-2009,1.0,1.0,0,1.0,1.0,1.0
08-01-2009,1.0,1.0,0,1.0,1.0,1.0
09-01-2009,2.5,2.5,500,2.5,2.5,2.5
12-01-2009,2.5,2.5,1000,2.5,2.5,2.5
13-01-2009,2.5,2.5,0,2.5,2.5,2.5
14-01-2009,2.5,2.5,0,2.5,2.5,2.5
15-01-2009,2.5,2.5,0,2.5,2.5,2.5
16-01-2009,2.5,2.5,0,2.5,2.5,2.5
20-01-2009,2.5,2.5,0,2.5,2.5,2.5
21-01-2009,0.44999998807907104,0.6000000238418579,2000,0.6000000238418579,0.44999998807907104,0.44999998807907104
22-01-2009,0.44999998807907104,0.5,4300,2.450000047683716,2.450000047683716,2.450000047683716
23-01-2009,2.450000047683716,2.450000047683716,0,2.450000047683716,2.450000047683716,2.450000047683716
26-01-2009,2.450000047683716,2.450000047683716,0,2.450000047683716,2.450000047683716,2.450000047683716
27-01-2009,2.450000047683716,2.450000047683716,0,2.450000047683716,2.450000047683716,2.450000047683716
28-01-2009,2.450000047683716,2.450000047683716,0,2.450000047683716,2.450000047683716,2.450000047683716
29-01-2009,2.450000047683716,2.450000047683716,0,2.450000047683716,2.450000047683716,2.450000047683716
30-01-2009,2.450000047683716,2.450000047683716,0,2.450000047683716,2.450000047683716,2.450000047683716
02-02-2009,1.5,1.5,1000,1.5,1.5,1.5
03-02-2009,1.5,1.5,0,1.5,1.5,1.5
04-02-2009,1.5,1.5,0,1.5,1.5,1.5
05-02-2009,1.5,1.5,0,1.5,1.5,1.5
06-02-2009,1.5,1.5,0,1.5,1.5,1.5
09-02-2009,1.0,1.0,1000,1.0,1.0,1.0
10-02-2009,1.0,1.0,0,1.0,1.0,1.0
11-02-2009,1.0,1.0,0,1.0,1.0,1.0
12-02-2009,1.0,1.0,0,1.0,1.0,1.0
13-02-2009,1.0,1.0,0,1.0,1.0,1.0
17-02-2009,1.0,1.0,0,1.0,1.0,1.0
18-02-2009,1.0,1.0,0,1.0,1.0,1.0
19-02-2009,1.0,1.0,0,1.0,1.0,1.0
20-02-2009,1.0,1.0,0,1.0,1.0,1.0
23-02-2009,1.0,1.0,0,1.0,1.0,1.0
24-02-2009,0.44999998807907104,0.44999998807907104,0,0.44999998807907104,0.44999998807907104,0.44999998807907104
25-02-2009,2.0,2.0,100,2.0,2.0,2.0
26-02-2009,2.0,2.0,0,2.0,2.0,2.0
27-02-2009,2.0,2.0,0,2.0,2.0,2.0
02-03-2009,0.44999998807907104,0.44999998807907104,600,0.44999998807907104,0.44999998807907104,0.44999998807907104
03-03-2009,2.0,2.0,200,2.0,2.0,2.0
04-03-2009,2.0,2.0,0,2.0,2.0,2.0
05-03-2009,2.0,2.0,0,2.0,2.0,2.0
06-03-2009,2.0,2.0,0,2.0,2.0,2.0
09-03-2009,0.5,0.5,100,0.5,0.5,0.5
10-03-2009,0.5,0.5,300,0.5,0.5,0.5
11-03-2009,0.5,0.5,0,0.5,0.5,0.5
12-03-2009,0.5,0.5,0,0.5,0.5,0.5
13-03-2009,0.5,0.5,0,0.5,0.5,0.5
16-03-2009,0.5,0.5,0,0.5,0.5,0.5
17-03-2009,0.5,0.5,0,0.5,0.5,0.5
18-03-2009,0.5,0.5,0,0.5,0.5,0.5
19-03-2009,0.5,0.5,0,0.5,0.5,0.5
20-03-2009,0.5,0.5,0,0.5,0.5,0.5
23-03-2009,0.5,0.5,0,0.5,0.5,0.5
24-03-2009,0.5,0.5,0,0.5,0.5,0.5
25-03-2009,0.5,0.5,0,0.5,0.5,0.5
26-03-2009,0.5,0.5,0,0.5,0.5,0.5
27-03-2009,0.5,0.5,0,0.5,0.5,0.5
30-03-2009,0.5,0.5,0,0.5,0.5,0.5
31-03-2009,0.5,0.5,0,0.5,0.5,0.5
01-04-2009,0.5,0.5,0,0.5,0.5,0.5
02-04-2009,0.8500000238418579,0.8500000238418579,200,0.8500000238418579,0.8500000238418579,0.8500000238418579
03-04-2009,0.8500000238418579,0.8500000238418579,0,0.8500000238418579,0.8500000238418579,0.8500000238418579
06-04-2009,1.100000023841858,1.100000023841858,0,1.100000023841858,1.100000023841858,1.100000023841858
07-04-2009,1.100000023841858,1.100000023841858,0,1.100000023841858,1.100000023841858,1.100000023841858
08-04-2009,1.100000023841858,1.100000023841858,0,1.100000023841858,1.100000023841858,1.100000023841858
09-04-2009,1.100000023841858,1.100000023841858,0,1.100000023841858,1.100000023841858,1.100000023841858
13-04-2009,1.100000023841858,1.100000023841858,0,1.100000023841858,1.100000023841858,1.100000023841858
14-04-2009,1.100000023841858,1.100000023841858,0,1.100000023841858,1.100000023841858,1.100000023841858
15-04-2009,1.100000023841858,1.100000023841858,0,1.100000023841858,1.100000023841858,1.100000023841858
16-04-2009,1.399999976158142,1.399999976158142,600,1.399999976158142,1.399999976158142,1.399999976158142
17-04-2009,1.399999976158142,1.399999976158142,0,1.399999976158142,1.399999976158142,1.399999976158142
20-04-2009,1.399999976158142,1.399999976158142,0,1.399999976158142,1.399999976158142,1.399999976158142
21-04-2009,1.399999976158142,1.399999976158142,0,1.399999976158142,1.399999976158142,1.399999976158142
22-04-2009,1.600000023841858,1.600000023841858,0,1.600000023841858,1.600000023841858,1.600000023841858
23-04-2009,1.600000023841858,1.600000023841858,1000,1.600000023841858,1.600000023841858,1.600000023841858
24-04-2009,1.399999976158142,1.5,2000,1.5,1.399999976158142,1.399999976158142
27-04-2009,1.100000023841858,1.100000023841858,400,1.600000023841858,1.600000023841858,1.600000023841858
28-04-2009,1.100000023841858,1.100000023841858,0,1.100000023841858,1.100000023841858,1.100000023841858
29-04-2009,1.600000023841858,1.600000023841858,0,1.600000023841858,1.600000023841858,1.600000023841858
30-04-2009,1.100000023841858,1.100000023841858,0,1.100000023841858,1.100000023841858,1.100000023841858
01-05-2009,1.100000023841858,1.100000023841858,1000,1.100000023841858,1.100000023841858,1.100000023841858
04-05-2009,1.25,1.25,1400,1.5,1.5,1.5
05-05-2009,1.9500000476837158,1.9500000476837158,1100,1.9500000476837158,1.9500000476837158,1.9500000476837158
06-05-2009,1.9500000476837158,1.9500000476837158,0,1.9500000476837158,1.9500000476837158,1.9500000476837158
07-05-2009,1.9500000476837158,1.9500000476837158,0,1.9500000476837158,1.9500000476837158,1.9500000476837158
08-05-2009,1.100000023841858,1.9500000476837158,1900,1.9500000476837158,1.100000023841858,1.100000023841858
11-05-2009,1.100000023841858,1.100000023841858,0,1.100000023841858,1.100000023841858,1.100000023841858
12-05-2009,1.100000023841858,1.100000023841858,0,1.100000023841858,1.100000023841858,1.100000023841858
13-05-2009,1.9500000476837158,1.9500000476837158,1100,1.9500000476837158,1.9500000476837158,1.9500000476837158
14-05-2009,1.9500000476837158,1.9500000476837158,0,1.9500000476837158,1.9500000476837158,1.9500000476837158
15-05-2009,1.9500000476837158,1.9500000476837158,0,1.9500000476837158,1.9500000476837158,1.9500000476837158
18-05-2009,1.9500000476837158,1.9500000476837158,0,1.9500000476837158,1.9500000476837158,1.9500000476837158
19-05-2009,0.8500000238418579,0.8500000238418579,0,0.8500000238418579,0.8500000238418579,0.8500000238418579
20-05-2009,2.5,2.5,100,2.5,2.5,2.5
21-05-2009,2.5,2.5,200,2.5,2.5,2.5
22-05-2009,2.5,2.5,0,2.5,2.5,2.5
26-05-2009,2.5,2.5,0,2.5,2.5,2.5
27-05-2009,2.5,2.5,0,2.5,2.5,2.5
28-05-2009,2.5,2.5,0,2.5,2.5,2.5
29-05-2009,2.5,2.5,0,2.5,2.5,2.5
01-06-2009,0.44999998807907104,0.44999998807907104,200,2.450000047683716,0.44999998807907104,0.44999998807907104
02-06-2009,2.0,2.0,0,2.0,2.0,2.0
03-06-2009,2.0,2.0,0,2.0,2.0,2.0
04-06-2009,2.0,2.0,0,2.0,2.0,2.0
05-06-2009,2.0,2.0,0,2.0,2.0,2.0
08-06-2009,2.0,2.0,0,2.0,2.0,2.0
09-06-2009,2.0,2.0,0,2.0,2.0,2.0
10-06-2009,0.44999998807907104,0.44999998807907104,0,0.44999998807907104,0.44999998807907104,0.44999998807907104
11-06-2009,0.44999998807907104,0.44999998807907104,0,0.44999998807907104,0.44999998807907104,0.44999998807907104
12-06-2009,0.44999998807907104,0.44999998807907104,0,0.44999998807907104,0.44999998807907104,0.44999998807907104
15-06-2009,0.44999998807907104,0.44999998807907104,0,0.44999998807907104,0.44999998807907104,0.44999998807907104
16-06-2009,1.0,1.0,1100,2.0,2.0,2.0
17-06-2009,2.0,2.0,0,2.0,2.0,2.0
18-06-2009,0.44999998807907104,0.44999998807907104,700,0.44999998807907104,0.44999998807907104,0.44999998807907104
19-06-2009,1.9500000476837158,1.9500000476837158,0,1.9500000476837158,1.9500000476837158,1.9500000476837158
22-06-2009,1.9500000476837158,1.9500000476837158,0,1.9500000476837158,1.9500000476837158,1.9500000476837158
23-06-2009,1.9500000476837158,1.9500000476837158,100,1.9500000476837158,1.9500000476837158,1.9500000476837158
24-06-2009,1.9500000476837158,1.9500000476837158,0,1.9500000476837158,1.9500000476837158,1.9500000476837158
25-06-2009,1.9500000476837158,1.9500000476837158,0,1.9500000476837158,1.9500000476837158,1.9500000476837158
26-06-2009,1.9500000476837158,1.9500000476837158,0,1.9500000476837158,1.9500000476837158,1.9500000476837158
29-06-2009,0.44999998807907104,0.44999998807907104,0,0.44999998807907104,0.44999998807907104,0.44999998807907104
30-06-2009,0.44999998807907104,0.44999998807907104,0,0.44999998807907104,0.44999998807907104,0.44999998807907104
01-07-2009,0.44999998807907104,0.44999998807907104,0,0.44999998807907104,0.44999998807907104,0.44999998807907104
02-07-2009,0.44999998807907104,0.44999998807907104,0,0.44999998807907104,0.44999998807907104,0.44999998807907104
06-07-2009,1.75,1.75,100,1.75,1.75,1.75
07-07-2009,1.75,1.75,0,1.75,1.75,1.75
08-07-2009,1.75,1.75,0,1.75,1.75,1.75
09-07-2009,1.75,1.75,0,1.75,1.75,1.75
10-07-2009,1.75,1.75,0,1.75,1.75,1.75
13-07-2009,1.75,1.75,0,1.75,1.75,1.75
14-07-2009,1.75,1.75,0,1.75,1.75,1.75
15-07-2009,1.75,1.75,0,1.75,1.75,1.75
16-07-2009,1.75,1.75,0,1.75,1.75,1.75
17-07-2009,1.75,1.75,0,1.75,1.75,1.75
20-07-2009,1.75,1.75,0,1.75,1.75,1.75
21-07-2009,1.75,1.75,0,1.75,1.75,1.75
22-07-2009,1.75,1.75,0,1.75,1.75,1.75
23-07-2009,1.75,1.75,0,1.75,1.75,1.75
24-07-2009,0.44999998807907104,0.44999998807907104,1000,0.44999998807907104,0.44999998807907104,0.44999998807907104
27-07-2009,0.44999998807907104,0.44999998807907104,0,0.44999998807907104,0.44999998807907104,0.44999998807907104
28-07-2009,0.44999998807907104,0.44999998807907104,0,0.44999998807907104,0.44999998807907104,0.44999998807907104
29-07-2009,0.44999998807907104,0.44999998807907104,0,0.44999998807907104,0.44999998807907104,0.44999998807907104
30-07-2009,0.44999998807907104,0.44999998807907104,0,0.44999998807907104,0.44999998807907104,0.44999998807907104
31-07-2009,0.44999998807907104,0.44999998807907104,0,0.44999998807907104,0.44999998807907104,0.44999998807907104
03-08-2009,0.44999998807907104,0.44999998807907104,0,0.44999998807907104,0.44999998807907104,0.44999998807907104
04-08-2009,0.44999998807907104,0.44999998807907104,0,0.44999998807907104,0.44999998807907104,0.44999998807907104
05-08-2009,0.44999998807907104,0.44999998807907104,0,0.44999998807907104,0.44999998807907104,0.44999998807907104
06-08-2009,0.44999998807907104,0.44999998807907104,0,0.44999998807907104,0.44999998807907104,0.44999998807907104
07-08-2009,0.44999998807907104,0.44999998807907104,0,0.44999998807907104,0.44999998807907104,0.44999998807907104
10-08-2009,0.44999998807907104,0.44999998807907104,0,0.44999998807907104,0.44999998807907104,0.44999998807907104
11-08-2009,0.44999998807907104,0.44999998807907104,0,0.44999998807907104,0.44999998807907104,0.44999998807907104
12-08-2009,0.44999998807907104,0.44999998807907104,0,0.44999998807907104,0.44999998807907104,0.44999998807907104
13-08-2009,0.44999998807907104,0.44999998807907104,0,0.44999998807907104,0.44999998807907104,0.44999998807907104
14-08-2009,0.8500000238418579,0.8500000238418579,100,0.8500000238418579,0.8500000238418579,0.8500000238418579
17-08-2009,0.8500000238418579,0.8500000238418579,0,0.8500000238418579,0.8500000238418579,0.8500000238418579
18-08-2009,0.8500000238418579,0.8500000238418579,0,0.8500000238418579,0.8500000238418579,0.8500000238418579
19-08-2009,0.8500000238418579,0.8500000238418579,0,0.8500000238418579,0.8500000238418579,0.8500000238418579
20-08-2009,0.8500000238418579,0.8500000238418579,0,0.8500000238418579,0.8500000238418579,0.8500000238418579
21-08-2009,0.8500000238418579,0.8500000238418579,0,0.8500000238418579,0.8500000238418579,0.8500000238418579
24-08-2009,0.8500000238418579,0.8500000238418579,0,0.8500000238418579,0.8500000238418579,0.8500000238418579
25-08-2009,0.8500000238418579,0.8500000238418579,0,0.8500000238418579,0.8500000238418579,0.8500000238418579
26-08-2009,0.8500000238418579,0.8500000238418579,0,0.8500000238418579,0.8500000238418579,0.8500000238418579
27-08-2009,0.8500000238418579,0.8500000238418579,0,0.8500000238418579,0.8500000238418579,0.8500000238418579
28-08-2009,0.8500000238418579,0.8500000238418579,0,0.8500000238418579,0.8500000238418579,0.8500000238418579
31-08-2009,0.8500000238418579,0.8500000238418579,0,0.8500000238418579,0.8500000238418579,0.8500000238418579
01-09-2009,0.8500000238418579,0.8500000238418579,0,0.8500000238418579,0.8500000238418579,0.8500000238418579
02-09-2009,0.8500000238418579,0.8500000238418579,0,0.8500000238418579,0.8500000238418579,0.8500000238418579
03-09-2009,0.8500000238418579,0.8500000238418579,0,0.8500000238418579,0.8500000238418579,0.8500000238418579
04-09-2009,0.8500000238418579,0.8500000238418579,0,0.8500000238418579,0.8500000238418579,0.8500000238418579
08-09-2009,0.8500000238418579,0.8500000238418579,0,0.8500000238418579,0.8500000238418579,0.8500000238418579
09-09-2009,0.8500000238418579,0.8500000238418579,0,0.8500000238418579,0.8500000238418579,0.8500000238418579
10-09-2009,0.8500000238418579,0.8500000238418579,0,0.8500000238418579,0.8500000238418579,0.8500000238418579
11-09-2009,0.8500000238418579,0.8500000238418579,0,0.8500000238418579,0.8500000238418579,0.8500000238418579
14-09-2009,0.8500000238418579,0.8500000238418579,0,0.8500000238418579,0.8500000238418579,0.8500000238418579
15-09-2009,0.8500000238418579,0.8500000238418579,1000,0.8500000238418579,0.8500000238418579,0.8500000238418579
16-09-2009,0.8500000238418579,0.8500000238418579,0,0.8500000238418579,0.8500000238418579,0.8500000238418579
17-09-2009,0.8500000238418579,0.8500000238418579,0,0.8500000238418579,0.8500000238418579,0.8500000238418579
18-09-2009,0.8500000238418579,0.8500000238418579,0,0.8500000238418579,0.8500000238418579,0.8500000238418579
21-09-2009,1.0,1.25,2900,1.25,1.0,1.0
22-09-2009,1.2000000476837158,1.2000000476837158,400,1.2000000476837158,1.2000000476837158,1.2000000476837158
23-09-2009,1.2000000476837158,1.2000000476837158,0,1.2000000476837158,1.2000000476837158,1.2000000476837158
24-09-2009,1.2000000476837158,1.2000000476837158,0,1.2000000476837158,1.2000000476837158,1.2000000476837158
25-09-2009,1.2000000476837158,1.2000000476837158,0,1.2000000476837158,1.2000000476837158,1.2000000476837158
28-09-2009,1.2000000476837158,1.25,2000,1.25,1.25,1.25
29-09-2009,1.25,1.25,0,1.25,1.25,1.25
30-09-2009,1.25,1.25,0,1.25,1.25,1.25
01-10-2009,1.2000000476837158,1.2000000476837158,6800,1.5,1.5,1.5
02-10-2009,1.25,1.25,1000,1.25,1.25,1.25
05-10-2009,1.0,1.0,0,1.0,1.0,1.0
06-10-2009,1.0,1.0,0,1.0,1.0,1.0
07-10-2009,1.0,1.0,1000,1.0,1.0,1.0
08-10-2009,1.0,1.0,1400,1.0,1.0,1.0
09-10-2009,0.5,0.5,0,0.5,0.5,0.5
12-10-2009,0.5,0.5,0,0.5,0.5,0.5
13-10-2009,0.5,0.5,200,0.5,0.5,0.5
14-10-2009,0.5,0.5,0,0.5,0.5,0.5
15-10-2009,0.5,0.5,0,0.5,0.5,0.5
16-10-2009,0.5,0.5,0,0.5,0.5,0.5
19-10-2009,0.5,0.5,0,0.5,0.5,0.5
20-10-2009,0.5,0.5,0,0.5,0.5,0.5
21-10-2009,0.5,0.5,0,0.5,0.5,0.5
22-10-2009,0.5,0.5,0,0.5,0.5,0.5
23-10-2009,0.5,0.5,0,0.5,0.5,0.5
26-10-2009,0.5,0.5,0,0.5,0.5,0.5
27-10-2009,1.0,1.0,1500,1.149999976158142,1.0499999523162842,1.0499999523162842
28-10-2009,1.149999976158142,1.149999976158142,1000,1.149999976158142,1.149999976158142,1.149999976158142
29-10-2009,1.149999976158142,1.149999976158142,900,1.149999976158142,1.149999976158142,1.149999976158142
30-10-2009,1.149999976158142,1.149999976158142,1000,1.149999976158142,1.149999976158142,1.149999976158142
02-11-2009,1.149999976158142,1.149999976158142,0,1.149999976158142,1.149999976158142,1.149999976158142
03-11-2009,1.5,1.5,700,1.5,1.5,1.5
04-11-2009,0.949999988079071,0.949999988079071,0,0.949999988079071,0.949999988079071,0.949999988079071
05-11-2009,0.949999988079071,0.949999988079071,0,0.949999988079071,0.949999988079071,0.949999988079071
06-11-2009,0.949999988079071,0.949999988079071,0,0.949999988079071,0.949999988079071,0.949999988079071
09-11-2009,0.949999988079071,0.949999988079071,0,0.949999988079071,0.949999988079071,0.949999988079071
10-11-2009,1.149999976158142,1.149999976158142,1300,1.149999976158142,1.149999976158142,1.149999976158142
11-11-2009,1.399999976158142,1.399999976158142,600,1.399999976158142,1.399999976158142,1.399999976158142
12-11-2009,1.399999976158142,1.399999976158142,0,1.399999976158142,1.399999976158142,1.399999976158142
13-11-2009,1.399999976158142,1.399999976158142,0,1.399999976158142,1.399999976158142,1.399999976158142
16-11-2009,1.149999976158142,1.149999976158142,0,1.149999976158142,1.149999976158142,1.149999976158142
17-11-2009,1.149999976158142,1.149999976158142,0,1.149999976158142,1.149999976158142,1.149999976158142
18-11-2009,2.0,2.0,2100,2.5999999046325684,2.549999952316284,2.549999952316284
19-11-2009,2.5,2.549999952316284,1300,2.549999952316284,2.5,2.5
20-11-2009,2.5,2.5,2000,2.5,2.5,2.5
23-11-2009,2.5,2.5,700,3.75,3.5,3.5
24-11-2009,2.5999999046325684,3.450000047683716,1300,5.050000190734863,5.050000190734863,5.050000190734863
25-11-2009,5.050000190734863,5.150000095367432,1200,9.5,9.5,9.5
27-11-2009,10.0,10.0,2700,25.0,12.449999809265137,12.449999809265137
30-11-2009,6.25,12.449999809265137,1200,12.449999809265137,10.5,10.5
01-12-2009,5.25,6.25,600,6.25,5.25,5.25
02-12-2009,5.0,5.050000190734863,800,5.75,5.5,5.5
03-12-2009,6.5,6.949999809265137,200,6.949999809265137,6.5,6.5
04-12-2009,6.699999809265137,6.699999809265137,200,6.75,6.75,6.75
07-12-2009,6.75,6.75,100,6.75,6.75,6.75
08-12-2009,6.75,6.75,100,6.75,6.75,6.75
09-12-2009,5.25,5.5,900,8.75,8.75,8.75
10-12-2009,8.75,8.75,0,8.75,8.75,8.75
11-12-2009,8.5,8.5,100,8.5,8.5,8.5
14-12-2009,6.75,6.75,200,6.75,6.75,6.75
15-12-2009,6.75,6.75,200,6.75,6.75,6.75
16-12-2009,6.75,6.75,100,6.75,6.75,6.75
17-12-2009,6.5,6.5,100,6.5,6.5,6.5
18-12-2009,6.5,6.5,0,6.5,6.5,6.5
21-12-2009,5.25,5.25,300,5.25,5.25,5.25
22-12-2009,5.25,5.25,300,7.0,7.0,7.0
23-12-2009,6.5,6.5,100,6.5,6.5,6.5
24-12-2009,6.5,6.5,0,6.5,6.5,6.5
28-12-2009,6.0,6.0,0,6.0,6.0,6.0
29-12-2009,6.25,6.25,100,6.25,6.25,6.25
30-12-2009,6.0,6.0,100,6.0,6.0,6.0
31-12-2009,6.25,6.25,100,6.25,6.25,6.25
04-01-2010,6.25,6.25,0,6.25,6.25,6.25
05-01-2010,6.25,6.25,0,6.25,6.25,6.25
06-01-2010,6.25,6.25,500,6.25,6.25,6.25
07-01-2010,6.25,6.25,0,6.25,6.25,6.25
08-01-2010,6.25,6.25,200,6.25,6.25,6.25
11-01-2010,6.25,6.25,0,6.25,6.25,6.25
12-01-2010,6.25,6.25,0,6.25,6.25,6.25
13-01-2010,6.25,6.25,0,6.25,6.25,6.25
14-01-2010,6.0,6.0,0,6.0,6.0,6.0
15-01-2010,6.0,6.0,0,6.150000095367432,6.150000095367432,6.150000095367432
19-01-2010,0.5,0.5,7300,3.75,3.75,3.75
20-01-2010,3.75,3.75,0,3.75,3.75,3.75
21-01-2010,3.75,3.75,0,3.75,3.75,3.75
22-01-2010,4.449999809265137,4.449999809265137,0,4.449999809265137,4.449999809265137,4.449999809265137
25-01-2010,4.449999809265137,4.449999809265137,0,4.449999809265137,4.449999809265137,4.449999809265137
26-01-2010,4.449999809265137,4.449999809265137,0,4.449999809265137,4.449999809265137,4.449999809265137
27-01-2010,4.449999809265137,4.449999809265137,1200,6.0,5.050000190734863,5.050000190734863
28-01-2010,5.050000190734863,5.050000190734863,0,5.050000190734863,5.050000190734863,5.050000190734863
29-01-2010,3.6500000953674316,3.6500000953674316,300,6.0,6.0,6.0
01-02-2010,6.0,6.0,0,6.0,6.0,6.0
02-02-2010,5.050000190734863,5.25,600,5.25,5.099999904632568,5.099999904632568
03-02-2010,5.099999904632568,5.099999904632568,0,5.099999904632568,5.099999904632568,5.099999904632568
04-02-2010,5.099999904632568,5.099999904632568,0,5.099999904632568,5.099999904632568,5.099999904632568
05-02-2010,5.099999904632568,5.099999904632568,100,5.099999904632568,5.099999904632568,5.099999904632568
08-02-2010,5.099999904632568,5.099999904632568,0,5.099999904632568,5.099999904632568,5.099999904632568
09-02-2010,5.099999904632568,5.099999904632568,0,5.099999904632568,5.099999904632568,5.099999904632568
10-02-2010,5.099999904632568,5.099999904632568,0,5.099999904632568,5.099999904632568,5.099999904632568
11-02-2010,5.099999904632568,5.099999904632568,0,5.099999904632568,5.099999904632568,5.099999904632568
12-02-2010,5.099999904632568,5.099999904632568,0,5.099999904632568,5.099999904632568,5.099999904632568
16-02-2010,5.099999904632568,5.099999904632568,0,5.099999904632568,5.099999904632568,5.099999904632568
17-02-2010,5.099999904632568,5.099999904632568,0,5.099999904632568,5.099999904632568,5.099999904632568
18-02-2010,4.949999809265137,4.949999809265137,0,4.949999809265137,4.949999809265137,4.949999809265137
19-02-2010,4.75,4.75,0,4.75,4.75,4.75
22-02-2010,2.5999999046325684,2.5999999046325684,0,2.5999999046325684,2.5999999046325684,2.5999999046325684
23-02-2010,2.5999999046325684,2.5999999046325684,500,2.5999999046325684,2.5999999046325684,2.5999999046325684
24-02-2010,2.5999999046325684,2.5999999046325684,0,2.5999999046325684,2.5999999046325684,2.5999999046325684
25-02-2010,2.5999999046325684,2.5999999046325684,0,2.5999999046325684,2.5999999046325684,2.5999999046325684
26-02-2010,2.5999999046325684,2.5999999046325684,0,2.5999999046325684,2.5999999046325684,2.5999999046325684
01-03-2010,2.5999999046325684,2.5999999046325684,0,2.5999999046325684,2.5999999046325684,2.5999999046325684
02-03-2010,1.350000023841858,1.350000023841858,0,1.350000023841858,1.350000023841858,1.350000023841858
03-03-2010,1.350000023841858,1.350000023841858,0,1.350000023841858,1.350000023841858,1.350000023841858
04-03-2010,1.350000023841858,1.350000023841858,0,1.350000023841858,1.350000023841858,1.350000023841858
05-03-2010,4.949999809265137,4.949999809265137,100,4.949999809265137,4.949999809265137,4.949999809265137
08-03-2010,5.25,5.25,200,5.25,5.25,5.25
09-03-2010,5.25,5.25,0,5.25,5.25,5.25
10-03-2010,5.25,5.25,0,5.25,5.25,5.25
11-03-2010,5.25,5.25,0,5.25,5.25,5.25
12-03-2010,1.399999976158142,1.399999976158142,800,4.5,4.5,4.5
15-03-2010,4.5,4.5,0,4.5,4.5,4.5
16-03-2010,4.5,4.5,0,4.5,4.5,4.5
17-03-2010,4.5,4.5,0,4.5,4.5,4.5
18-03-2010,4.5,4.5,0,4.5,4.5,4.5
19-03-2010,4.5,4.5,0,4.5,4.5,4.5
22-03-2010,1.25,1.4500000476837158,2600,1.4500000476837158,1.350000023841858,1.350000023841858
23-03-2010,1.350000023841858,1.350000023841858,0,1.350000023841858,1.350000023841858,1.350000023841858
24-03-2010,1.350000023841858,1.350000023841858,0,1.350000023841858,1.350000023841858,1.350000023841858
25-03-2010,1.350000023841858,1.350000023841858,0,1.350000023841858,1.350000023841858,1.350000023841858
26-03-2010,1.350000023841858,1.350000023841858,0,1.350000023841858,1.350000023841858,1.350000023841858
29-03-2010,1.350000023841858,1.350000023841858,0,1.350000023841858,1.350000023841858,1.350000023841858
30-03-2010,1.350000023841858,1.350000023841858,0,1.350000023841858,1.350000023841858,1.350000023841858
31-03-2010,0.5,0.5,0,0.5,0.5,0.5
01-04-2010,0.5,0.5,900,0.5,0.5,0.5
05-04-2010,0.5,0.5,0,0.5,0.5,0.5
06-04-2010,0.5,0.5,0,0.5,0.5,0.5
07-04-2010,0.5,0.5,0,0.5,0.5,0.5
08-04-2010,0.5,0.5,0,0.5,0.5,0.5
09-04-2010,0.5,0.5,0,0.5,0.5,0.5
12-04-2010,0.5,0.5,0,0.5,0.5,0.5
13-04-2010,0.5,0.5,0,0.5,0.5,0.5
14-04-2010,0.5,0.5,0,0.5,0.5,0.5
15-04-2010,0.5,0.5,0,0.5,0.5,0.5
16-04-2010,0.5,0.5,0,0.5,0.5,0.5
19-04-2010,0.5,0.5,0,0.5,0.5,0.5
20-04-2010,0.5,0.5,0,0.5,0.5,0.5
21-04-2010,0.5,0.5,0,0.5,0.5,0.5
22-04-2010,0.5,0.5,0,0.5,0.5,0.5
23-04-2010,0.5,0.5,0,0.5,0.5,0.5
26-04-2010,0.5,0.5,0,0.5,0.5,0.5
27-04-2010,0.550000011920929,0.550000011920929,0,0.550000011920929,0.550000011920929,0.550000011920929
28-04-2010,0.550000011920929,0.550000011920929,0,0.550000011920929,0.550000011920929,0.550000011920929
29-04-2010,0.550000011920929,0.550000011920929,0,0.550000011920929,0.550000011920929,0.550000011920929
30-04-2010,0.550000011920929,0.550000011920929,0,0.550000011920929,0.550000011920929,0.550000011920929
03-05-2010,0.550000011920929,0.550000011920929,0,0.550000011920929,0.550000011920929,0.550000011920929
04-05-2010,0.550000011920929,0.550000011920929,0,0.550000011920929,0.550000011920929,0.550000011920929
05-05-2010,0.550000011920929,0.550000011920929,0,0.550000011920929,0.550000011920929,0.550000011920929
06-05-2010,0.550000011920929,0.550000011920929,0,0.550000011920929,0.550000011920929,0.550000011920929
07-05-2010,0.550000011920929,0.550000011920929,0,0.550000011920929,0.550000011920929,0.550000011920929
10-05-2010,0.550000011920929,0.550000011920929,0,0.550000011920929,0.550000011920929,0.550000011920929
11-05-2010,0.550000011920929,0.550000011920929,0,0.550000011920929,0.550000011920929,0.550000011920929
12-05-2010,0.550000011920929,0.550000011920929,0,0.550000011920929,0.550000011920929,0.550000011920929
13-05-2010,0.550000011920929,0.550000011920929,0,0.550000011920929,0.550000011920929,0.550000011920929
14-05-2010,0.550000011920929,0.550000011920929,0,0.550000011920929,0.550000011920929,0.550000011920929
17-05-2010,0.550000011920929,0.550000011920929,0,0.550000011920929,0.550000011920929,0.550000011920929
18-05-2010,0.550000011920929,0.550000011920929,0,0.550000011920929,0.550000011920929,0.550000011920929
19-05-2010,0.550000011920929,0.550000011920929,0,0.550000011920929,0.550000011920929,0.550000011920929
20-05-2010,0.550000011920929,0.550000011920929,0,0.550000011920929,0.550000011920929,0.550000011920929
21-05-2010,0.550000011920929,0.550000011920929,0,0.550000011920929,0.550000011920929,0.550000011920929
24-05-2010,0.550000011920929,0.550000011920929,0,0.550000011920929,0.550000011920929,0.550000011920929
25-05-2010,0.550000011920929,0.550000011920929,0,0.550000011920929,0.550000011920929,0.550000011920929
26-05-2010,0.550000011920929,0.550000011920929,0,0.550000011920929,0.550000011920929,0.550000011920929
27-05-2010,0.550000011920929,0.550000011920929,0,0.550000011920929,0.550000011920929,0.550000011920929
28-05-2010,0.550000011920929,0.550000011920929,0,0.550000011920929,0.550000011920929,0.550000011920929
01-06-2010,0.550000011920929,0.550000011920929,0,0.550000011920929,0.550000011920929,0.550000011920929
02-06-2010,0.550000011920929,0.550000011920929,0,0.550000011920929,0.550000011920929,0.550000011920929
03-06-2010,0.550000011920929,0.550000011920929,0,0.550000011920929,0.550000011920929,0.550000011920929
04-06-2010,0.550000011920929,0.550000011920929,0,0.550000011920929,0.550000011920929,0.550000011920929
07-06-2010,0.550000011920929,0.550000011920929,0,0.550000011920929,0.550000011920929,0.550000011920929
08-06-2010,0.550000011920929,0.550000011920929,0,0.550000011920929,0.550000011920929,0.550000011920929
09-06-2010,0.6499999761581421,0.6499999761581421,200,0.6499999761581421,0.6499999761581421,0.6499999761581421
10-06-2010,0.6499999761581421,0.6499999761581421,0,0.6499999761581421,0.6499999761581421,0.6499999761581421
11-06-2010,0.6499999761581421,0.6499999761581421,0,0.6499999761581421,0.6499999761581421,0.6499999761581421
14-06-2010,0.6499999761581421,0.6499999761581421,0,0.6499999761581421,0.6499999761581421,0.6499999761581421
15-06-2010,0.6499999761581421,0.6499999761581421,0,0.6499999761581421,0.6499999761581421,0.6499999761581421
16-06-2010,0.6499999761581421,0.6499999761581421,0,0.6499999761581421,0.6499999761581421,0.6499999761581421
17-06-2010,0.6499999761581421,0.6499999761581421,0,0.6499999761581421,0.6499999761581421,0.6499999761581421
18-06-2010,0.6499999761581421,0.6499999761581421,0,0.6499999761581421,0.6499999761581421,0.6499999761581421
21-06-2010,0.6499999761581421,0.6499999761581421,0,0.6499999761581421,0.6499999761581421,0.6499999761581421
22-06-2010,0.6499999761581421,0.6499999761581421,0,0.6499999761581421,0.6499999761581421,0.6499999761581421
23-06-2010,0.6499999761581421,0.6499999761581421,0,0.6499999761581421,0.6499999761581421,0.6499999761581421
24-06-2010,0.6499999761581421,0.6499999761581421,0,0.6499999761581421,0.6499999761581421,0.6499999761581421
25-06-2010,0.6499999761581421,0.6499999761581421,0,0.6499999761581421,0.6499999761581421,0.6499999761581421
28-06-2010,0.6499999761581421,0.6499999761581421,0,0.6499999761581421,0.6499999761581421,0.6499999761581421
29-06-2010,0.6499999761581421,0.6499999761581421,0,0.6499999761581421,0.6499999761581421,0.6499999761581421
30-06-2010,0.6499999761581421,0.6499999761581421,0,0.6499999761581421,0.6499999761581421,0.6499999761581421
01-07-2010,0.6499999761581421,0.6499999761581421,0,0.6499999761581421,0.6499999761581421,0.6499999761581421
02-07-2010,0.6499999761581421,0.6499999761581421,0,0.6499999761581421,0.6499999761581421,0.6499999761581421
06-07-2010,0.6499999761581421,0.6499999761581421,0,0.6499999761581421,0.6499999761581421,0.6499999761581421
07-07-2010,0.6499999761581421,0.6499999761581421,0,0.6499999761581421,0.6499999761581421,0.6499999761581421
08-07-2010,0.6499999761581421,0.6499999761581421,0,0.6499999761581421,0.6499999761581421,0.6499999761581421
09-07-2010,0.6499999761581421,0.6499999761581421,0,0.6499999761581421,0.6499999761581421,0.6499999761581421
12-07-2010,0.6499999761581421,0.6499999761581421,0,0.6499999761581421,0.6499999761581421,0.6499999761581421
13-07-2010,0.6499999761581421,0.6499999761581421,0,0.6499999761581421,0.6499999761581421,0.6499999761581421
14-07-2010,0.6499999761581421,0.6499999761581421,0,0.6499999761581421,0.6499999761581421,0.6499999761581421
15-07-2010,0.6499999761581421,0.6499999761581421,0,0.6499999761581421,0.6499999761581421,0.6499999761581421
16-07-2010,0.6499999761581421,0.6499999761581421,0,0.6499999761581421,0.6499999761581421,0.6499999761581421
19-07-2010,0.5,0.5,0,0.5,0.5,0.5
20-07-2010,0.5,0.5,0,0.5,0.5,0.5
21-07-2010,0.5,0.5,0,0.5,0.5,0.5
22-07-2010,2.549999952316284,2.549999952316284,0,2.549999952316284,2.549999952316284,2.549999952316284
23-07-2010,2.549999952316284,2.549999952316284,200,2.549999952316284,2.549999952316284,2.549999952316284
26-07-2010,2.549999952316284,2.549999952316284,0,2.549999952316284,2.549999952316284,2.549999952316284
27-07-2010,2.549999952316284,2.549999952316284,0,2.549999952316284,2.549999952316284,2.549999952316284
28-07-2010,2.549999952316284,2.549999952316284,0,2.549999952316284,2.549999952316284,2.549999952316284
29-07-2010,2.549999952316284,2.549999952316284,0,2.549999952316284,2.549999952316284,2.549999952316284
30-07-2010,2.549999952316284,2.549999952316284,0,2.549999952316284,2.549999952316284,2.549999952316284
02-08-2010,2.549999952316284,2.549999952316284,0,2.549999952316284,2.549999952316284,2.549999952316284
03-08-2010,2.549999952316284,2.549999952316284,0,2.549999952316284,2.549999952316284,2.549999952316284
04-08-2010,2.549999952316284,2.549999952316284,0,2.549999952316284,2.549999952316284,2.549999952316284
05-08-2010,2.549999952316284,2.549999952316284,0,2.549999952316284,2.549999952316284,2.549999952316284
06-08-2010,2.549999952316284,2.549999952316284,0,2.549999952316284,2.549999952316284,2.549999952316284
09-08-2010,2.549999952316284,2.549999952316284,0,2.549999952316284,2.549999952316284,2.549999952316284
10-08-2010,2.549999952316284,2.549999952316284,0,2.549999952316284,2.549999952316284,2.549999952316284
11-08-2010,2.549999952316284,2.549999952316284,0,2.549999952316284,2.549999952316284,2.549999952316284
12-08-2010,2.549999952316284,2.549999952316284,0,2.549999952316284,2.549999952316284,2.549999952316284
13-08-2010,2.549999952316284,2.549999952316284,0,2.549999952316284,2.549999952316284,2.549999952316284
16-08-2010,2.549999952316284,2.549999952316284,0,2.549999952316284,2.549999952316284,2.549999952316284
17-08-2010,2.549999952316284,2.549999952316284,0,2.549999952316284,2.549999952316284,2.549999952316284
18-08-2010,2.549999952316284,2.549999952316284,0,2.549999952316284,2.549999952316284,2.549999952316284
19-08-2010,2.549999952316284,2.549999952316284,0,2.549999952316284,2.549999952316284,2.549999952316284
20-08-2010,2.549999952316284,2.549999952316284,0,2.549999952316284,2.549999952316284,2.549999952316284
23-08-2010,2.549999952316284,2.549999952316284,0,2.549999952316284,2.549999952316284,2.549999952316284
24-08-2010,2.549999952316284,2.549999952316284,0,2.549999952316284,2.549999952316284,2.549999952316284
25-08-2010,2.549999952316284,2.549999952316284,0,2.549999952316284,2.549999952316284,2.549999952316284
26-08-2010,2.549999952316284,2.549999952316284,0,2.549999952316284,2.549999952316284,2.549999952316284
27-08-2010,2.549999952316284,2.549999952316284,0,2.549999952316284,2.549999952316284,2.549999952316284
30-08-2010,2.549999952316284,2.549999952316284,0,2.549999952316284,2.549999952316284,2.549999952316284
31-08-2010,2.549999952316284,2.549999952316284,0,2.549999952316284,2.549999952316284,2.549999952316284
01-09-2010,2.549999952316284,2.549999952316284,0,2.549999952316284,2.549999952316284,2.549999952316284
02-09-2010,2.549999952316284,2.549999952316284,0,2.549999952316284,2.549999952316284,2.549999952316284
03-09-2010,2.549999952316284,2.549999952316284,0,2.549999952316284,2.549999952316284,2.549999952316284
07-09-2010,1.649999976158142,2.549999952316284,1900,2.549999952316284,1.649999976158142,1.649999976158142
08-09-2010,0.6000000238418579,0.6000000238418579,100,0.6000000238418579,0.6000000238418579,0.6000000238418579
09-09-2010,0.6000000238418579,0.6000000238418579,0,0.6000000238418579,0.6000000238418579,0.6000000238418579
10-09-2010,0.6000000238418579,0.6000000238418579,0,0.6000000238418579,0.6000000238418579,0.6000000238418579
13-09-2010,0.6000000238418579,0.6000000238418579,0,0.6000000238418579,0.6000000238418579,0.6000000238418579
14-09-2010,0.6000000238418579,0.6000000238418579,0,0.6000000238418579,0.6000000238418579,0.6000000238418579
15-09-2010,0.6000000238418579,0.6000000238418579,0,0.6000000238418579,0.6000000238418579,0.6000000238418579
16-09-2010,0.6000000238418579,0.6000000238418579,0,0.6000000238418579,0.6000000238418579,0.6000000238418579
17-09-2010,0.6000000238418579,0.6000000238418579,0,0.6000000238418579,0.6000000238418579,0.6000000238418579
20-09-2010,0.6000000238418579,0.6000000238418579,0,0.6000000238418579,0.6000000238418579,0.6000000238418579
21-09-2010,0.6000000238418579,0.6000000238418579,0,0.6000000238418579,0.6000000238418579,0.6000000238418579
22-09-2010,0.6000000238418579,0.6000000238418579,0,0.6000000238418579,0.6000000238418579,0.6000000238418579
23-09-2010,0.6000000238418579,0.6000000238418579,0,0.6000000238418579,0.6000000238418579,0.6000000238418579
24-09-2010,0.6000000238418579,0.6000000238418579,0,0.6000000238418579,0.6000000238418579,0.6000000238418579
27-09-2010,0.6000000238418579,0.6000000238418579,0,0.6000000238418579,0.6000000238418579,0.6000000238418579
28-09-2010,0.6000000238418579,0.6000000238418579,0,0.6000000238418579,0.6000000238418579,0.6000000238418579
29-09-2010,0.6000000238418579,0.6000000238418579,100,0.6000000238418579,0.6000000238418579,0.6000000238418579
30-09-2010,0.6000000238418579,0.6000000238418579,0,0.6000000238418579,0.6000000238418579,0.6000000238418579
01-10-2010,0.6000000238418579,0.6000000238418579,0,0.6000000238418579,0.6000000238418579,0.6000000238418579
04-10-2010,0.6000000238418579,0.6000000238418579,0,0.6000000238418579,0.6000000238418579,0.6000000238418579
05-10-2010,0.6000000238418579,0.6000000238418579,100,0.6000000238418579,0.6000000238418579,0.6000000238418579
06-10-2010,0.6000000238418579,0.6000000238418579,0,0.6000000238418579,0.6000000238418579,0.6000000238418579
07-10-2010,0.6000000238418579,0.6000000238418579,0,0.6000000238418579,0.6000000238418579,0.6000000238418579
08-10-2010,0.6000000238418579,0.6000000238418579,0,0.6000000238418579,0.6000000238418579,0.6000000238418579
11-10-2010,0.6000000238418579,0.6000000238418579,0,0.6000000238418579,0.6000000238418579,0.6000000238418579
12-10-2010,0.6000000238418579,0.6000000238418579,0,0.6000000238418579,0.6000000238418579,0.6000000238418579
13-10-2010,0.6000000238418579,0.6000000238418579,0,0.6000000238418579,0.6000000238418579,0.6000000238418579
14-10-2010,0.6000000238418579,0.6000000238418579,0,0.6000000238418579,0.6000000238418579,0.6000000238418579
15-10-2010,0.6000000238418579,0.6000000238418579,0,0.6000000238418579,0.6000000238418579,0.6000000238418579
18-10-2010,0.6000000238418579,0.6000000238418579,0,0.6000000238418579,0.6000000238418579,0.6000000238418579
19-10-2010,0.6000000238418579,0.6000000238418579,0,0.6000000238418579,0.6000000238418579,0.6000000238418579
20-10-2010,0.6000000238418579,0.6000000238418579,0,0.6000000238418579,0.6000000238418579,0.6000000238418579
21-10-2010,0.6000000238418579,0.6000000238418579,0,0.6000000238418579,0.6000000238418579,0.6000000238418579
22-10-2010,0.6000000238418579,0.6000000238418579,0,0.6000000238418579,0.6000000238418579,0.6000000238418579
25-10-2010,0.6000000238418579,0.6000000238418579,0,0.6000000238418579,0.6000000238418579,0.6000000238418579
26-10-2010,0.6000000238418579,0.6000000238418579,0,0.6000000238418579,0.6000000238418579,0.6000000238418579
27-10-2010,0.6000000238418579,0.6000000238418579,0,0.6000000238418579,0.6000000238418579,0.6000000238418579
28-10-2010,0.6000000238418579,0.6000000238418579,0,0.6000000238418579,0.6000000238418579,0.6000000238418579
29-10-2010,0.6000000238418579,0.6000000238418579,700,0.6000000238418579,0.6000000238418579,0.6000000238418579
01-11-2010,0.6000000238418579,0.6000000238418579,0,0.6000000238418579,0.6000000238418579,0.6000000238418579
02-11-2010,0.6000000238418579,0.6000000238418579,0,0.6000000238418579,0.6000000238418579,0.6000000238418579
03-11-2010,0.6000000238418579,0.6000000238418579,0,0.6000000238418579,0.6000000238418579,0.6000000238418579
04-11-2010,0.6000000238418579,0.6000000238418579,0,0.6000000238418579,0.6000000238418579,0.6000000238418579
05-11-2010,0.6000000238418579,0.6000000238418579,0,0.6000000238418579,0.6000000238418579,0.6000000238418579
08-11-2010,0.6000000238418579,0.6000000238418579,0,0.6000000238418579,0.6000000238418579,0.6000000238418579
09-11-2010,0.6000000238418579,0.6000000238418579,0,0.6000000238418579,0.6000000238418579,0.6000000238418579
10-11-2010,0.6000000238418579,0.6000000238418579,0,0.6000000238418579,0.6000000238418579,0.6000000238418579
11-11-2010,0.6000000238418579,0.6000000238418579,0,0.6000000238418579,0.6000000238418579,0.6000000238418579
12-11-2010,1.0,1.0,2000,1.0,1.0,1.0
15-11-2010,1.5,1.5,1100,1.5,1.5,1.5
16-11-2010,1.5,1.5,0,1.5,1.5,1.5
17-11-2010,1.5,1.5,0,1.5,1.5,1.5
18-11-2010,1.5,1.5,0,1.5,1.5,1.5
19-11-2010,1.5,1.5,0,1.5,1.5,1.5
22-11-2010,1.5,1.5,0,1.5,1.5,1.5
23-11-2010,1.5,1.5,0,1.5,1.5,1.5
24-11-2010,1.5,1.5,0,1.5,1.5,1.5
26-11-2010,1.5,1.5,0,1.5,1.5,1.5
29-11-2010,1.5,1.5,0,1.5,1.5,1.5
30-11-2010,1.5,1.5,0,1.5,1.5,1.5
01-12-2010,1.5,1.5,0,1.5,1.5,1.5
02-12-2010,1.5,1.5,0,1.5,1.5,1.5
03-12-2010,1.5,1.5,0,1.5,1.5,1.5
06-12-2010,1.5,1.5,0,1.5,1.5,1.5
07-12-2010,1.5,1.5,0,1.5,1.5,1.5
08-12-2010,1.25,1.25,0,1.25,1.25,1.25
09-12-2010,1.25,1.25,0,1.25,1.25,1.25
10-12-2010,1.25,1.25,0,1.25,1.25,1.25
13-12-2010,1.25,1.25,0,1.25,1.25,1.25
14-12-2010,1.25,1.25,0,1.25,1.25,1.25
15-12-2010,1.25,1.25,0,1.25,1.25,1.25
16-12-2010,1.25,1.25,0,1.25,1.25,1.25
17-12-2010,1.25,1.25,0,1.25,1.25,1.25
20-12-2010,1.25,1.25,0,1.25,1.25,1.25
21-12-2010,1.25,1.25,0,1.25,1.25,1.25
22-12-2010,1.25,1.25,0,1.25,1.25,1.25
23-12-2010,1.5,1.5,600,4.849999904632568,4.849999904632568,4.849999904632568
27-12-2010,4.849999904632568,4.849999904632568,0,4.849999904632568,4.849999904632568,4.849999904632568
28-12-2010,4.849999904632568,4.849999904632568,0,4.849999904632568,4.849999904632568,4.849999904632568
29-12-2010,4.849999904632568,4.849999904632568,0,4.849999904632568,4.849999904632568,4.849999904632568
30-12-2010,4.849999904632568,4.849999904632568,0,4.849999904632568,4.849999904632568,4.849999904632568
31-12-2010,1.25,1.25,0,1.25,1.25,1.25
03-01-2011,1.25,1.25,0,1.25,1.25,1.25
04-01-2011,1.25,1.25,0,1.25,1.25,1.25
05-01-2011,1.25,1.25,0,1.25,1.25,1.25
06-01-2011,1.25,1.25,0,1.25,1.25,1.25
07-01-2011,1.25,1.25,0,1.25,1.25,1.25
10-01-2011,1.25,1.25,0,1.25,1.25,1.25
11-01-2011,1.25,1.25,0,1.25,1.25,1.25
12-01-2011,2.75,2.75,500,2.75,2.75,2.75
13-01-2011,2.75,2.75,0,2.75,2.75,2.75
14-01-2011,2.75,2.75,0,2.75,2.75,2.75
18-01-2011,2.75,2.75,0,2.75,2.75,2.75
19-01-2011,2.75,2.75,0,2.75,2.75,2.75
20-01-2011,2.75,2.75,0,2.75,2.75,2.75
21-01-2011,2.75,2.75,0,2.75,2.75,2.75
24-01-2011,2.75,2.75,0,2.75,2.75,2.75
25-01-2011,2.75,2.75,0,2.75,2.75,2.75
26-01-2011,2.75,2.75,0,2.75,2.75,2.75
27-01-2011,2.75,2.75,0,2.75,2.75,2.75
28-01-2011,2.75,2.75,0,2.75,2.75,2.75
31-01-2011,2.75,2.75,0,2.75,2.75,2.75
01-02-2011,2.75,2.75,0,2.75,2.75,2.75
02-02-2011,2.75,2.75,0,2.75,2.75,2.75
03-02-2011,2.75,2.75,0,2.75,2.75,2.75
04-02-2011,2.75,2.75,0,2.75,2.75,2.75
07-02-2011,2.75,2.75,0,2.75,2.75,2.75
08-02-2011,2.75,2.75,0,2.75,2.75,2.75
09-02-2011,2.75,2.75,0,2.75,2.75,2.75
10-02-2011,2.75,2.75,0,2.75,2.75,2.75
11-02-2011,2.75,2.75,0,2.75,2.75,2.75
14-02-2011,2.75,2.75,0,2.75,2.75,2.75
15-02-2011,2.75,2.75,0,2.75,2.75,2.75
16-02-2011,2.75,2.75,0,2.75,2.75,2.75
17-02-2011,2.75,2.75,0,2.75,2.75,2.75
18-02-2011,2.75,2.75,0,2.75,2.75,2.75
22-02-2011,1.25,1.25,200,1.25,1.25,1.25
23-02-2011,1.25,1.25,0,1.25,1.25,1.25
24-02-2011,1.25,1.25,0,1.25,1.25,1.25
25-02-2011,1.25,1.25,100,1.25,1.25,1.25
28-02-2011,1.25,1.25,0,1.25,1.25,1.25
01-03-2011,2.75,2.75,0,2.75,2.75,2.75
02-03-2011,2.75,2.75,0,2.75,2.75,2.75
03-03-2011,2.75,2.75,0,2.75,2.75,2.75
04-03-2011,2.75,2.75,0,2.75,2.75,2.75
07-03-2011,2.75,2.75,0,2.75,2.75,2.75
08-03-2011,2.75,2.75,0,2.75,2.75,2.75
09-03-2011,1.75,1.75,0,1.75,1.75,1.75
10-03-2011,1.75,1.75,0,1.75,1.75,1.75
11-03-2011,1.75,1.75,0,1.75,1.75,1.75
14-03-2011,1.75,1.75,0,1.75,1.75,1.75
15-03-2011,1.75,1.75,0,1.75,1.75,1.75
16-03-2011,2.549999952316284,2.549999952316284,100,2.549999952316284,2.549999952316284,2.549999952316284
17-03-2011,2.75,2.75,100,2.75,2.75,2.75
18-03-2011,2.549999952316284,2.549999952316284,100,2.75,2.75,2.75
21-03-2011,2.700000047683716,2.700000047683716,100,2.700000047683716,2.700000047683716,2.700000047683716
22-03-2011,2.75,2.75,100,2.75,2.75,2.75
23-03-2011,2.75,2.75,0,2.75,2.75,2.75
24-03-2011,2.549999952316284,2.549999952316284,900,2.549999952316284,2.549999952316284,2.549999952316284
25-03-2011,2.549999952316284,2.549999952316284,0,2.549999952316284,2.549999952316284,2.549999952316284
28-03-2011,2.549999952316284,2.549999952316284,0,2.549999952316284,2.549999952316284,2.549999952316284
29-03-2011,2.549999952316284,2.549999952316284,0,2.549999952316284,2.549999952316284,2.549999952316284
30-03-2011,2.549999952316284,2.549999952316284,0,2.549999952316284,2.549999952316284,2.549999952316284
31-03-2011,2.549999952316284,2.549999952316284,0,2.549999952316284,2.549999952316284,2.549999952316284
01-04-2011,2.549999952316284,2.549999952316284,0,2.549999952316284,2.549999952316284,2.549999952316284
04-04-2011,2.549999952316284,2.549999952316284,0,2.549999952316284,2.549999952316284,2.549999952316284
05-04-2011,2.549999952316284,2.549999952316284,0,2.549999952316284,2.549999952316284,2.549999952316284
06-04-2011,2.549999952316284,2.549999952316284,0,2.549999952316284,2.549999952316284,2.549999952316284
07-04-2011,2.549999952316284,2.549999952316284,0,2.549999952316284,2.549999952316284,2.549999952316284
08-04-2011,2.549999952316284,2.549999952316284,0,2.549999952316284,2.549999952316284,2.549999952316284
11-04-2011,2.549999952316284,2.549999952316284,0,2.549999952316284,2.549999952316284,2.549999952316284
12-04-2011,2.549999952316284,2.549999952316284,0,2.549999952316284,2.549999952316284,2.549999952316284
13-04-2011,2.549999952316284,2.549999952316284,0,2.549999952316284,2.549999952316284,2.549999952316284
14-04-2011,2.549999952316284,2.549999952316284,0,2.549999952316284,2.549999952316284,2.549999952316284
15-04-2011,2.549999952316284,2.549999952316284,0,2.549999952316284,2.549999952316284,2.549999952316284
18-04-2011,2.549999952316284,2.549999952316284,0,2.549999952316284,2.549999952316284,2.549999952316284
19-04-2011,2.75,2.75,500,2.75,2.75,2.75
20-04-2011,2.549999952316284,2.549999952316284,0,2.549999952316284,2.549999952316284,2.549999952316284
21-04-2011,2.549999952316284,2.549999952316284,200,2.549999952316284,2.549999952316284,2.549999952316284
25-04-2011,2.549999952316284,2.549999952316284,0,2.549999952316284,2.549999952316284,2.549999952316284
26-04-2011,2.549999952316284,2.549999952316284,0,2.549999952316284,2.549999952316284,2.549999952316284
27-04-2011,0.75,2.549999952316284,800,2.549999952316284,0.75,0.75
28-04-2011,0.75,0.75,0,0.75,0.75,0.75
29-04-2011,0.75,0.75,0,0.75,0.75,0.75
02-05-2011,0.75,0.75,0,0.75,0.75,0.75
03-05-2011,2.75,2.75,100,2.75,2.75,2.75
04-05-2011,2.549999952316284,2.549999952316284,0,2.549999952316284,2.549999952316284,2.549999952316284
05-05-2011,2.549999952316284,2.549999952316284,0,2.549999952316284,2.549999952316284,2.549999952316284
06-05-2011,2.75,2.75,0,2.75,2.75,2.75
09-05-2011,2.75,2.75,0,2.75,2.75,2.75
10-05-2011,2.75,2.75,0,2.75,2.75,2.75
11-05-2011,2.75,2.75,0,2.75,2.75,2.75
12-05-2011,2.75,2.75,0,2.75,2.75,2.75
13-05-2011,2.75,2.75,0,2.75,2.75,2.75
16-05-2011,2.549999952316284,2.549999952316284,500,2.549999952316284,2.549999952316284,2.549999952316284
17-05-2011,2.549999952316284,2.549999952316284,0,2.549999952316284,2.549999952316284,2.549999952316284
18-05-2011,2.549999952316284,2.549999952316284,0,2.549999952316284,2.549999952316284,2.549999952316284
19-05-2011,2.549999952316284,2.549999952316284,0,2.549999952316284,2.549999952316284,2.549999952316284
20-05-2011,2.549999952316284,2.549999952316284,0,2.549999952316284,2.549999952316284,2.549999952316284
23-05-2011,2.549999952316284,2.549999952316284,0,2.549999952316284,2.549999952316284,2.549999952316284
24-05-2011,2.549999952316284,2.549999952316284,0,2.549999952316284,2.549999952316284,2.549999952316284
25-05-2011,2.549999952316284,2.549999952316284,0,2.549999952316284,2.549999952316284,2.549999952316284
26-05-2011,2.549999952316284,2.549999952316284,0,2.549999952316284,2.549999952316284,2.549999952316284
27-05-2011,2.549999952316284,2.549999952316284,0,2.549999952316284,2.549999952316284,2.549999952316284
31-05-2011,1.75,1.75,1000,1.75,1.75,1.75
01-06-2011,1.75,1.75,0,1.75,1.75,1.75
02-06-2011,1.75,1.75,0,1.75,1.75,1.75
03-06-2011,1.75,1.75,0,1.75,1.75,1.75
06-06-2011,1.75,1.75,0,1.75,1.75,1.75
07-06-2011,1.75,1.75,0,1.75,1.75,1.75
08-06-2011,1.75,1.75,0,1.75,1.75,1.75
09-06-2011,1.75,1.75,0,1.75,1.75,1.75
10-06-2011,1.75,1.75,0,1.75,1.75,1.75
13-06-2011,1.75,1.75,0,1.75,1.75,1.75
14-06-2011,1.75,1.75,0,1.75,1.75,1.75
15-06-2011,1.75,1.75,100,1.75,1.75,1.75
16-06-2011,1.75,1.75,0,1.75,1.75,1.75
17-06-2011,1.75,1.75,0,1.75,1.75,1.75
20-06-2011,1.75,1.75,0,1.75,1.75,1.75
21-06-2011,1.75,1.75,0,1.75,1.75,1.75
22-06-2011,1.75,1.75,0,1.75,1.75,1.75
23-06-2011,1.75,1.75,0,1.75,1.75,1.75
24-06-2011,1.75,1.75,300,1.75,1.75,1.75
27-06-2011,1.75,1.75,0,1.75,1.75,1.75
28-06-2011,1.75,1.75,0,1.75,1.75,1.75
29-06-2011,1.75,1.75,0,1.75,1.75,1.75
30-06-2011,1.75,1.75,0,1.75,1.75,1.75
01-07-2011,1.75,1.75,0,1.75,1.75,1.75
05-07-2011,1.75,1.75,0,1.75,1.75,1.75
06-07-2011,1.75,1.75,0,1.75,1.75,1.75
07-07-2011,1.75,1.75,0,1.75,1.75,1.75
08-07-2011,1.75,1.75,0,1.75,1.75,1.75
11-07-2011,1.75,1.75,0,1.75,1.75,1.75
12-07-2011,1.75,1.75,0,1.75,1.75,1.75
13-07-2011,1.75,1.75,0,1.75,1.75,1.75
14-07-2011,1.75,1.75,0,1.75,1.75,1.75
15-07-2011,2.75,2.75,0,2.75,2.75,2.75
18-07-2011,1.75,1.75,0,1.75,1.75,1.75
19-07-2011,1.75,1.75,0,1.75,1.75,1.75
20-07-2011,1.75,1.75,400,1.75,1.75,1.75
21-07-2011,1.75,1.75,0,1.75,1.75,1.75
22-07-2011,1.75,1.75,0,1.75,1.75,1.75
25-07-2011,1.75,1.75,0,1.75,1.75,1.75
26-07-2011,1.75,1.75,0,1.75,1.75,1.75
27-07-2011,1.75,1.75,0,1.75,1.75,1.75
28-07-2011,1.75,1.75,0,1.75,1.75,1.75
29-07-2011,1.75,1.75,0,1.75,1.75,1.75
01-08-2011,2.5999999046325684,2.5999999046325684,100,2.5999999046325684,2.5999999046325684,2.5999999046325684
02-08-2011,2.5999999046325684,2.5999999046325684,300,2.5999999046325684,2.5999999046325684,2.5999999046325684
03-08-2011,2.5999999046325684,2.5999999046325684,0,2.5999999046325684,2.5999999046325684,2.5999999046325684
04-08-2011,2.5999999046325684,2.5999999046325684,100,2.5999999046325684,2.5999999046325684,2.5999999046325684
05-08-2011,2.549999952316284,2.549999952316284,400,2.549999952316284,2.549999952316284,2.549999952316284
08-08-2011,2.549999952316284,2.549999952316284,800,2.549999952316284,2.549999952316284,2.549999952316284
09-08-2011,2.549999952316284,2.549999952316284,100,2.549999952316284,2.549999952316284,2.549999952316284
10-08-2011,2.799999952316284,2.799999952316284,1100,2.799999952316284,2.799999952316284,2.799999952316284
11-08-2011,3.25,3.25,1700,3.5,3.450000047683716,3.450000047683716
12-08-2011,3.450000047683716,3.450000047683716,0,3.450000047683716,3.450000047683716,3.450000047683716
15-08-2011,3.5,3.5,600,3.5,3.5,3.5
16-08-2011,2.549999952316284,2.8499999046325684,1300,2.8499999046325684,2.549999952316284,2.549999952316284
17-08-2011,3.450000047683716,3.450000047683716,2800,5.25,5.050000190734863,5.050000190734863
18-08-2011,5.050000190734863,5.050000190734863,0,5.050000190734863,5.050000190734863,5.050000190734863
19-08-2011,3.5,5.050000190734863,1400,5.099999904632568,3.5,3.5
22-08-2011,3.25,3.25,100,3.75,3.75,3.75
23-08-2011,4.25,4.25,600,4.25,4.25,4.25
24-08-2011,4.25,4.25,0,4.25,4.25,4.25
25-08-2011,4.25,4.25,0,4.25,4.25,4.25
26-08-2011,4.25,4.25,0,4.25,4.25,4.25
29-08-2011,2.549999952316284,2.549999952316284,500,2.549999952316284,2.549999952316284,2.549999952316284
30-08-2011,2.549999952316284,2.549999952316284,1700,5.050000190734863,5.050000190734863,5.050000190734863
31-08-2011,2.549999952316284,2.549999952316284,200,2.549999952316284,2.549999952316284,2.549999952316284
01-09-2011,2.549999952316284,2.549999952316284,0,2.549999952316284,2.549999952316284,2.549999952316284
02-09-2011,2.549999952316284,2.549999952316284,0,2.549999952316284,2.549999952316284,2.549999952316284
06-09-2011,5.050000190734863,5.050000190734863,100,5.050000190734863,5.050000190734863,5.050000190734863
07-09-2011,5.050000190734863,5.050000190734863,0,5.050000190734863,5.050000190734863,5.050000190734863
08-09-2011,5.050000190734863,5.050000190734863,0,5.050000190734863,5.050000190734863,5.050000190734863
09-09-2011,5.050000190734863,5.050000190734863,0,5.050000190734863,5.050000190734863,5.050000190734863
12-09-2011,5.050000190734863,5.050000190734863,0,5.050000190734863,5.050000190734863,5.050000190734863
13-09-2011,5.050000190734863,5.050000190734863,0,5.050000190734863,5.050000190734863,5.050000190734863
14-09-2011,5.050000190734863,5.050000190734863,0,5.050000190734863,5.050000190734863,5.050000190734863
15-09-2011,5.050000190734863,5.050000190734863,0,5.050000190734863,5.050000190734863,5.050000190734863
16-09-2011,5.050000190734863,5.050000190734863,0,5.050000190734863,5.050000190734863,5.050000190734863
19-09-2011,5.050000190734863,5.050000190734863,0,5.050000190734863,5.050000190734863,5.050000190734863
20-09-2011,5.050000190734863,5.050000190734863,0,5.050000190734863,5.050000190734863,5.050000190734863
21-09-2011,1.75,1.75,800,5.050000190734863,5.0,5.0
22-09-2011,5.050000190734863,5.050000190734863,400,5.050000190734863,5.050000190734863,5.050000190734863
23-09-2011,5.050000190734863,5.050000190734863,0,5.050000190734863,5.050000190734863,5.050000190734863
26-09-2011,5.050000190734863,5.050000190734863,0,5.050000190734863,5.050000190734863,5.050000190734863
27-09-2011,5.050000190734863,5.050000190734863,0,5.050000190734863,5.050000190734863,5.050000190734863
28-09-2011,5.050000190734863,5.050000190734863,0,5.050000190734863,5.050000190734863,5.050000190734863
29-09-2011,5.050000190734863,5.050000190734863,0,5.050000190734863,5.050000190734863,5.050000190734863
30-09-2011,5.050000190734863,5.050000190734863,0,5.050000190734863,5.050000190734863,5.050000190734863
03-10-2011,5.050000190734863,5.050000190734863,0,5.050000190734863,5.050000190734863,5.050000190734863
04-10-2011,5.050000190734863,5.050000190734863,0,5.050000190734863,5.050000190734863,5.050000190734863
05-10-2011,5.050000190734863,5.050000190734863,0,5.050000190734863,5.050000190734863,5.050000190734863
06-10-2011,5.050000190734863,5.050000190734863,0,5.050000190734863,5.050000190734863,5.050000190734863
07-10-2011,2.549999952316284,2.549999952316284,200,5.050000190734863,5.050000190734863,5.050000190734863
10-10-2011,5.050000190734863,5.050000190734863,0,5.050000190734863,5.050000190734863,5.050000190734863
11-10-2011,5.050000190734863,5.050000190734863,0,5.050000190734863,5.050000190734863,5.050000190734863
12-10-2011,5.050000190734863,5.050000190734863,0,5.050000190734863,5.050000190734863,5.050000190734863
13-10-2011,5.050000190734863,5.050000190734863,0,5.050000190734863,5.050000190734863,5.050000190734863
14-10-2011,5.050000190734863,5.050000190734863,200,5.050000190734863,5.050000190734863,5.050000190734863
17-10-2011,5.050000190734863,5.050000190734863,0,5.050000190734863,5.050000190734863,5.050000190734863
18-10-2011,5.050000190734863,5.050000190734863,0,5.050000190734863,5.050000190734863,5.050000190734863
19-10-2011,5.050000190734863,5.050000190734863,0,5.050000190734863,5.050000190734863,5.050000190734863
20-10-2011,5.050000190734863,5.050000190734863,0,5.050000190734863,5.050000190734863,5.050000190734863
21-10-2011,5.050000190734863,5.050000190734863,0,5.050000190734863,5.050000190734863,5.050000190734863
24-10-2011,5.050000190734863,5.050000190734863,0,5.050000190734863,5.050000190734863,5.050000190734863
25-10-2011,5.050000190734863,5.050000190734863,0,5.050000190734863,5.050000190734863,5.050000190734863
26-10-2011,2.549999952316284,2.549999952316284,100,2.549999952316284,2.549999952316284,2.549999952316284
27-10-2011,2.549999952316284,2.549999952316284,0,2.549999952316284,2.549999952316284,2.549999952316284
28-10-2011,2.549999952316284,2.549999952316284,0,2.549999952316284,2.549999952316284,2.549999952316284
31-10-2011,2.549999952316284,2.549999952316284,0,2.549999952316284,2.549999952316284,2.549999952316284
01-11-2011,2.549999952316284,2.549999952316284,0,2.549999952316284,2.549999952316284,2.549999952316284
02-11-2011,5.050000190734863,5.050000190734863,100,5.050000190734863,5.050000190734863,5.050000190734863
03-11-2011,5.050000190734863,5.5,700,5.5,5.5,5.5
04-11-2011,5.5,5.5,0,5.5,5.5,5.5
07-11-2011,5.5,5.5,0,5.5,5.5,5.5
08-11-2011,5.050000190734863,5.050000190734863,300,5.25,5.25,5.25
09-11-2011,5.050000190734863,5.050000190734863,0,5.050000190734863,5.050000190734863,5.050000190734863
10-11-2011,5.050000190734863,5.050000190734863,0,5.050000190734863,5.050000190734863,5.050000190734863
11-11-2011,5.050000190734863,5.050000190734863,0,5.050000190734863,5.050000190734863,5.050000190734863
14-11-2011,5.050000190734863,5.050000190734863,0,5.050000190734863,5.050000190734863,5.050000190734863
15-11-2011,5.050000190734863,5.050000190734863,100,5.050000190734863,5.050000190734863,5.050000190734863
16-11-2011,5.050000190734863,5.050000190734863,0,5.050000190734863,5.050000190734863,5.050000190734863
17-11-2011,5.050000190734863,5.050000190734863,0,5.050000190734863,5.050000190734863,5.050000190734863
18-11-2011,5.050000190734863,5.050000190734863,0,5.050000190734863,5.050000190734863,5.050000190734863
21-11-2011,5.050000190734863,5.050000190734863,0,5.050000190734863,5.050000190734863,5.050000190734863
22-11-2011,5.050000190734863,5.050000190734863,0,5.050000190734863,5.050000190734863,5.050000190734863
23-11-2011,5.050000190734863,5.050000190734863,0,5.050000190734863,5.050000190734863,5.050000190734863
25-11-2011,5.050000190734863,5.050000190734863,0,5.050000190734863,5.050000190734863,5.050000190734863
28-11-2011,5.050000190734863,5.050000190734863,0,5.050000190734863,5.050000190734863,5.050000190734863
29-11-2011,5.050000190734863,5.050000190734863,0,5.050000190734863,5.050000190734863,5.050000190734863
30-11-2011,5.050000190734863,5.050000190734863,0,5.050000190734863,5.050000190734863,5.050000190734863
01-12-2011,5.050000190734863,5.050000190734863,0,5.050000190734863,5.050000190734863,5.050000190734863
02-12-2011,5.050000190734863,5.050000190734863,0,5.050000190734863,5.050000190734863,5.050000190734863
05-12-2011,5.050000190734863,5.050000190734863,0,5.050000190734863,5.050000190734863,5.050000190734863
06-12-2011,5.050000190734863,5.050000190734863,0,5.050000190734863,5.050000190734863,5.050000190734863
07-12-2011,5.050000190734863,5.050000190734863,0,5.050000190734863,5.050000190734863,5.050000190734863
08-12-2011,5.050000190734863,5.050000190734863,0,5.050000190734863,5.050000190734863,5.050000190734863
09-12-2011,5.050000190734863,5.050000190734863,0,5.050000190734863,5.050000190734863,5.050000190734863
12-12-2011,5.050000190734863,5.050000190734863,0,5.050000190734863,5.050000190734863,5.050000190734863
13-12-2011,5.050000190734863,5.050000190734863,0,5.050000190734863,5.050000190734863,5.050000190734863
14-12-2011,5.050000190734863,5.050000190734863,0,5.050000190734863,5.050000190734863,5.050000190734863
15-12-2011,5.050000190734863,5.050000190734863,0,5.050000190734863,5.050000190734863,5.050000190734863
16-12-2011,5.050000190734863,5.050000190734863,0,5.050000190734863,5.050000190734863,5.050000190734863
19-12-2011,5.050000190734863,5.050000190734863,0,5.050000190734863,5.050000190734863,5.050000190734863
20-12-2011,2.75,2.75,800,3.0,3.0,3.0
21-12-2011,3.0,3.0,200,3.0,3.0,3.0
22-12-2011,3.0,3.0,0,3.0,3.0,3.0
23-12-2011,3.0,3.0,0,3.0,3.0,3.0
27-12-2011,3.0,3.0,0,3.0,3.0,3.0
28-12-2011,3.0,3.0,0,3.0,3.0,3.0
29-12-2011,3.0,3.0,0,3.0,3.0,3.0
30-12-2011,3.0,3.0,600,3.0,3.0,3.0
03-01-2012,3.0,3.0,0,3.0,3.0,3.0
04-01-2012,3.0,3.0,0,3.0,3.0,3.0
05-01-2012,3.0,3.0,0,3.0,3.0,3.0
06-01-2012,3.0,3.0,0,3.0,3.0,3.0
09-01-2012,4.5,4.5,100,4.5,4.5,4.5
10-01-2012,5.050000190734863,5.050000190734863,100,5.050000190734863,5.050000190734863,5.050000190734863
11-01-2012,5.050000190734863,5.050000190734863,0,5.050000190734863,5.050000190734863,5.050000190734863
12-01-2012,5.25,5.25,0,5.25,5.25,5.25
13-01-2012,5.25,5.25,0,5.25,5.25,5.25
17-01-2012,4.949999809265137,4.949999809265137,100,4.949999809265137,4.949999809265137,4.949999809265137
18-01-2012,3.0,3.75,900,3.75,3.0,3.0
19-01-2012,3.0,3.0,0,3.0,3.0,3.0
20-01-2012,3.0,3.0,0,3.0,3.0,3.0
23-01-2012,1.5,1.5,400,1.5,1.5,1.5
24-01-2012,1.5,1.5,0,1.5,1.5,1.5
25-01-2012,1.75,1.75,2200,2.25,2.25,2.25
26-01-2012,2.25,2.25,0,2.25,2.25,2.25
27-01-2012,2.6500000953674316,2.6500000953674316,0,2.6500000953674316,2.6500000953674316,2.6500000953674316
30-01-2012,2.6500000953674316,2.6500000953674316,0,2.6500000953674316,2.6500000953674316,2.6500000953674316
31-01-2012,1.5,1.5,200,1.5,1.5,1.5
01-02-2012,1.5,1.5,0,1.5,1.5,1.5
02-02-2012,1.5,1.5,0,1.5,1.5,1.5
03-02-2012,1.5,1.75,1300,2.200000047683716,2.200000047683716,2.200000047683716
06-02-2012,1.5,1.5,1000,2.0,2.0,2.0
07-02-2012,1.0,1.5,2400,1.5,1.0,1.0
08-02-2012,0.949999988079071,1.399999976158142,1700,1.399999976158142,0.949999988079071,0.949999988079071
09-02-2012,0.949999988079071,0.949999988079071,0,0.949999988079071,0.949999988079071,0.949999988079071
10-02-2012,1.2000000476837158,1.2000000476837158,200,1.2000000476837158,1.2000000476837158,1.2000000476837158
13-02-2012,1.25,1.25,500,1.25,1.25,1.25
14-02-2012,1.25,1.25,0,1.25,1.25,1.25
15-02-2012,1.25,1.25,0,1.25,1.25,1.25
16-02-2012,1.25,1.25,0,1.25,1.25,1.25
17-02-2012,1.75,1.75,5600,2.0,1.75,1.75
21-02-2012,1.75,1.75,0,1.75,1.75,1.75
22-02-2012,1.5,1.5,1000,1.5,1.5,1.5
23-02-2012,1.75,1.75,200,1.75,1.75,1.75
24-02-2012,1.25,1.25,100,1.25,1.25,1.25
27-02-2012,1.5,1.5,2000,1.5,1.5,1.5
28-02-2012,1.5,1.5,0,1.5,1.5,1.5
29-02-2012,1.5,1.5,0,1.5,1.5,1.5
01-03-2012,1.5,1.5,600,1.5,1.5,1.5
02-03-2012,1.5,1.5,0,1.5,1.5,1.5
05-03-2012,1.5,1.600000023841858,3000,1.600000023841858,1.5,1.5
06-03-2012,1.25,1.25,400,1.25,1.25,1.25
07-03-2012,1.25,1.25,0,1.25,1.25,1.25
08-03-2012,1.25,1.25,200,1.25,1.25,1.25
09-03-2012,1.25,1.25,0,1.25,1.25,1.25
12-03-2012,1.0,1.25,2300,1.25,1.0,1.0
13-03-2012,0.699999988079071,0.699999988079071,1400,0.699999988079071,0.699999988079071,0.699999988079071
14-03-2012,0.4000000059604645,0.800000011920929,8500,0.800000011920929,0.4000000059604645,0.4000000059604645
15-03-2012,0.44999998807907104,0.5,3900,0.5,0.44999998807907104,0.44999998807907104
16-03-2012,0.15000000596046448,0.5,11200,0.5,0.20000000298023224,0.20000000298023224
19-03-2012,0.25,0.25,1400,0.30000001192092896,0.30000001192092896,0.30000001192092896
20-03-2012,0.30000001192092896,0.30000001192092896,1000,0.30000001192092896,0.30000001192092896,0.30000001192092896
21-03-2012,0.4000000059604645,0.4000000059604645,0,0.4000000059604645,0.4000000059604645,0.4000000059604645
22-03-2012,0.4000000059604645,0.4000000059604645,15500,0.6000000238418579,0.6000000238418579,0.6000000238418579
23-03-2012,0.75,0.75,1600,0.75,0.75,0.75
26-03-2012,0.550000011920929,0.75,2100,0.75,0.550000011920929,0.550000011920929
27-03-2012,0.75,0.75,100,0.75,0.75,0.75
28-03-2012,0.699999988079071,0.699999988079071,800,0.75,0.75,0.75
29-03-2012,0.6499999761581421,0.6499999761581421,1000,0.6499999761581421,0.6499999761581421,0.6499999761581421
30-03-2012,0.6499999761581421,0.6499999761581421,300,0.6499999761581421,0.6499999761581421,0.6499999761581421
02-04-2012,0.6000000238418579,0.75,1100,0.75,0.6000000238418579,0.6000000238418579
03-04-2012,0.6000000238418579,0.6000000238418579,0,0.6000000238418579,0.6000000238418579,0.6000000238418579
04-04-2012,0.699999988079071,0.699999988079071,200,0.699999988079071,0.699999988079071,0.699999988079071
05-04-2012,0.699999988079071,0.699999988079071,700,0.699999988079071,0.699999988079071,0.699999988079071
09-04-2012,0.5,0.699999988079071,1300,0.699999988079071,0.699999988079071,0.699999988079071
10-04-2012,0.4000000059604645,0.699999988079071,3600,0.699999988079071,0.6499999761581421,0.6499999761581421
11-04-2012,0.6000000238418579,0.6000000238418579,2000,0.6499999761581421,0.6499999761581421,0.6499999761581421
12-04-2012,0.5,0.5,1700,0.6000000238418579,0.6000000238418579,0.6000000238418579
13-04-2012,0.5,0.5,200,0.5,0.5,0.5
16-04-2012,0.5,0.5,0,0.5,0.5,0.5
17-04-2012,0.5,0.5,0,0.5,0.5,0.5
18-04-2012,0.5,0.5,1200,0.5,0.5,0.5
19-04-2012,0.5,0.5,0,0.5,0.5,0.5
20-04-2012,0.5,0.5,0,0.5,0.5,0.5
23-04-2012,0.5,0.5,100,0.8500000238418579,0.8500000238418579,0.8500000238418579
24-04-2012,0.5,0.8500000238418579,1400,0.8500000238418579,0.5,0.5
25-04-2012,0.5,0.5,0,0.5,0.5,0.5
26-04-2012,0.5,0.75,900,0.75,0.5,0.5
27-04-2012,0.550000011920929,0.550000011920929,200,0.550000011920929,0.550000011920929,0.550000011920929
30-04-2012,0.550000011920929,0.550000011920929,0,0.550000011920929,0.550000011920929,0.550000011920929
01-05-2012,0.550000011920929,0.550000011920929,0,0.550000011920929,0.550000011920929,0.550000011920929
02-05-2012,0.550000011920929,0.550000011920929,0,0.550000011920929,0.550000011920929,0.550000011920929
03-05-2012,0.5,0.5,0,0.5,0.5,0.5
04-05-2012,0.5,0.5,0,0.5,0.5,0.5
07-05-2012,0.5,0.5,0,0.5,0.5,0.5
08-05-2012,0.5,0.5,0,0.5,0.5,0.5
09-05-2012,0.5,0.5,100,0.5,0.5,0.5
10-05-2012,0.5,0.5,0,0.5,0.5,0.5
11-05-2012,0.5,0.5,0,0.5,0.5,0.5
14-05-2012,0.5,0.5,0,0.5,0.5,0.5
15-05-2012,0.75,0.75,1900,0.949999988079071,0.949999988079071,0.949999988079071
16-05-2012,0.800000011920929,0.800000011920929,3400,1.0,0.800000011920929,0.800000011920929
17-05-2012,0.75,0.75,200,0.75,0.75,0.75
18-05-2012,0.75,0.75,1000,0.75,0.75,0.75
21-05-2012,0.75,0.75,0,0.75,0.75,0.75
22-05-2012,0.75,0.75,400,0.75,0.75,0.75
23-05-2012,0.75,0.75,0,0.75,0.75,0.75
24-05-2012,0.75,0.75,0,0.75,0.75,0.75
25-05-2012,0.75,0.75,0,0.75,0.75,0.75
29-05-2012,0.75,0.75,0,0.75,0.75,0.75
30-05-2012,0.699999988079071,0.699999988079071,1400,0.75,0.75,0.75
31-05-2012,0.75,0.75,0,0.75,0.75,0.75
01-06-2012,0.75,0.75,0,0.75,0.75,0.75
04-06-2012,0.800000011920929,0.800000011920929,100,0.800000011920929,0.800000011920929,0.800000011920929
05-06-2012,0.800000011920929,0.800000011920929,400,0.800000011920929,0.800000011920929,0.800000011920929
06-06-2012,0.800000011920929,0.800000011920929,0,0.800000011920929,0.800000011920929,0.800000011920929
07-06-2012,0.800000011920929,0.800000011920929,0,0.800000011920929,0.800000011920929,0.800000011920929
08-06-2012,0.800000011920929,0.800000011920929,0,0.800000011920929,0.800000011920929,0.800000011920929
11-06-2012,0.75,0.75,400,0.75,0.75,0.75
12-06-2012,0.75,0.75,0,0.75,0.75,0.75
13-06-2012,0.75,0.75,0,0.75,0.75,0.75
14-06-2012,0.75,0.75,500,0.75,0.75,0.75
15-06-2012,0.75,0.75,1000,0.75,0.75,0.75
18-06-2012,1.0,1.0,2600,1.0,1.0,1.0
19-06-2012,1.0,1.0,0,1.0,1.0,1.0
20-06-2012,1.0,1.0,0,1.0,1.0,1.0
21-06-2012,0.800000011920929,0.800000011920929,700,1.0,1.0,1.0
22-06-2012,1.0,1.0,500,1.0,1.0,1.0
25-06-2012,1.0,1.2000000476837158,2600,1.2999999523162842,1.2999999523162842,1.2999999523162842
26-06-2012,1.2000000476837158,1.2000000476837158,100,1.2000000476837158,1.2000000476837158,1.2000000476837158
27-06-2012,1.2999999523162842,1.2999999523162842,200,1.2999999523162842,1.2999999523162842,1.2999999523162842
28-06-2012,1.2999999523162842,1.2999999523162842,0,1.2999999523162842,1.2999999523162842,1.2999999523162842
29-06-2012,1.0,1.100000023841858,2000,1.100000023841858,1.0,1.0
02-07-2012,0.8999999761581421,0.8999999761581421,1800,0.8999999761581421,0.8999999761581421,0.8999999761581421
03-07-2012,0.8999999761581421,0.8999999761581421,0,0.8999999761581421,0.8999999761581421,0.8999999761581421
05-07-2012,0.8999999761581421,0.8999999761581421,0,0.8999999761581421,0.8999999761581421,0.8999999761581421
06-07-2012,0.8999999761581421,0.8999999761581421,0,0.8999999761581421,0.8999999761581421,0.8999999761581421
09-07-2012,0.8999999761581421,0.8999999761581421,0,0.8999999761581421,0.8999999761581421,0.8999999761581421
10-07-2012,0.8999999761581421,0.8999999761581421,0,0.8999999761581421,0.8999999761581421,0.8999999761581421
11-07-2012,0.8999999761581421,0.8999999761581421,0,0.8999999761581421,0.8999999761581421,0.8999999761581421
12-07-2012,1.0,1.0,500,1.0,1.0,1.0
13-07-2012,1.0,1.0,0,1.0,1.0,1.0
16-07-2012,1.0,1.0,0,1.0,1.0,1.0
17-07-2012,1.0,1.0,0,1.0,1.0,1.0
18-07-2012,1.0,1.100000023841858,2800,1.100000023841858,1.0,1.0
19-07-2012,1.0,1.0,600,1.0,1.0,1.0
20-07-2012,1.0,1.0,4400,1.0,1.0,1.0
23-07-2012,1.0,1.0,3100,1.0,1.0,1.0
24-07-2012,1.0,1.0,0,1.0,1.0,1.0
25-07-2012,1.0,1.0,0,1.0,1.0,1.0
26-07-2012,1.0,1.0,0,1.0,1.0,1.0
27-07-2012,1.0,1.0,0,1.0,1.0,1.0
30-07-2012,1.0,1.0,1400,1.0,1.0,1.0
31-07-2012,0.8999999761581421,0.8999999761581421,2300,1.0,1.0,1.0
01-08-2012,0.8999999761581421,1.0,900,1.0,0.8999999761581421,0.8999999761581421
02-08-2012,0.8999999761581421,0.8999999761581421,0,0.8999999761581421,0.8999999761581421,0.8999999761581421
03-08-2012,0.800000011920929,0.800000011920929,0,0.800000011920929,0.800000011920929,0.800000011920929
06-08-2012,0.5,0.800000011920929,8000,0.800000011920929,0.6000000238418579,0.6000000238418579
07-08-2012,0.699999988079071,0.699999988079071,1000,0.699999988079071,0.699999988079071,0.699999988079071
08-08-2012,0.699999988079071,0.699999988079071,0,0.699999988079071,0.699999988079071,0.699999988079071
09-08-2012,0.800000011920929,0.800000011920929,4000,0.800000011920929,0.800000011920929,0.800000011920929
10-08-2012,0.800000011920929,0.800000011920929,0,0.800000011920929,0.800000011920929,0.800000011920929
13-08-2012,0.6000000238418579,0.6000000238418579,500,0.6000000238418579,0.6000000238418579,0.6000000238418579
14-08-2012,0.6000000238418579,0.6000000238418579,0,0.6000000238418579,0.6000000238418579,0.6000000238418579
15-08-2012,0.4000000059604645,0.4000000059604645,500,0.4000000059604645,0.4000000059604645,0.4000000059604645
16-08-2012,0.4000000059604645,0.4000000059604645,0,0.4000000059604645,0.4000000059604645,0.4000000059604645
17-08-2012,0.30000001192092896,0.30000001192092896,2300,0.6000000238418579,0.6000000238418579,0.6000000238418579
20-08-2012,0.6000000238418579,0.6000000238418579,0,0.6000000238418579,0.6000000238418579,0.6000000238418579
21-08-2012,0.6000000238418579,0.6000000238418579,0,0.6000000238418579,0.6000000238418579,0.6000000238418579
22-08-2012,0.6000000238418579,0.6000000238418579,0,0.6000000238418579,0.6000000238418579,0.6000000238418579
23-08-2012,0.5,0.6000000238418579,2500,0.6000000238418579,0.5,0.5
24-08-2012,0.699999988079071,0.699999988079071,500,0.699999988079071,0.699999988079071,0.699999988079071
27-08-2012,0.699999988079071,0.699999988079071,0,0.699999988079071,0.699999988079071,0.699999988079071
28-08-2012,0.699999988079071,0.699999988079071,0,0.699999988079071,0.699999988079071,0.699999988079071
29-08-2012,0.5,0.5,600,1.0,1.0,1.0
30-08-2012,1.0,1.0,0,1.0,1.0,1.0
31-08-2012,0.20000000298023224,0.30000001192092896,1200,0.30000001192092896,0.20000000298023224,0.20000000298023224
04-09-2012,0.20000000298023224,0.20000000298023224,0,0.20000000298023224,0.20000000298023224,0.20000000298023224
05-09-2012,0.20000000298023224,0.20000000298023224,0,0.20000000298023224,0.20000000298023224,0.20000000298023224
06-09-2012,0.20000000298023224,0.20000000298023224,0,0.20000000298023224,0.20000000298023224,0.20000000298023224
07-09-2012,0.20000000298023224,0.20000000298023224,0,0.20000000298023224,0.20000000298023224,0.20000000298023224
10-09-2012,0.20000000298023224,0.20000000298023224,0,0.20000000298023224,0.20000000298023224,0.20000000298023224
11-09-2012,0.30000001192092896,0.30000001192092896,700,0.30000001192092896,0.30000001192092896,0.30000001192092896
12-09-2012,0.30000001192092896,0.30000001192092896,1000,0.30000001192092896,0.30000001192092896,0.30000001192092896
13-09-2012,0.5,0.5,600,0.5,0.5,0.5
14-09-2012,0.5,0.5,0,0.5,0.5,0.5
17-09-2012,0.30000001192092896,0.30000001192092896,1000,0.30000001192092896,0.30000001192092896,0.30000001192092896
18-09-2012,0.30000001192092896,0.30000001192092896,1000,0.30000001192092896,0.30000001192092896,0.30000001192092896
19-09-2012,0.30000001192092896,0.30000001192092896,100,0.30000001192092896,0.30000001192092896,0.30000001192092896
20-09-2012,0.30000001192092896,0.30000001192092896,0,0.30000001192092896,0.30000001192092896,0.30000001192092896
21-09-2012,0.30000001192092896,0.30000001192092896,0,0.30000001192092896,0.30000001192092896,0.30000001192092896
24-09-2012,0.30000001192092896,0.30000001192092896,0,0.30000001192092896,0.30000001192092896,0.30000001192092896
25-09-2012,0.30000001192092896,0.30000001192092896,0,0.30000001192092896,0.30000001192092896,0.30000001192092896
26-09-2012,0.30000001192092896,0.30000001192092896,0,0.30000001192092896,0.30000001192092896,0.30000001192092896
27-09-2012,0.30000001192092896,0.30000001192092896,0,0.30000001192092896,0.30000001192092896,0.30000001192092896
28-09-2012,0.30000001192092896,0.30000001192092896,400,0.30000001192092896,0.30000001192092896,0.30000001192092896
01-10-2012,0.6000000238418579,0.6000000238418579,1200,0.6000000238418579,0.6000000238418579,0.6000000238418579
02-10-2012,0.6000000238418579,0.6000000238418579,0,0.6000000238418579,0.6000000238418579,0.6000000238418579
03-10-2012,0.6000000238418579,0.6000000238418579,0,0.6000000238418579,0.6000000238418579,0.6000000238418579
04-10-2012,0.6000000238418579,0.6000000238418579,0,0.6000000238418579,0.6000000238418579,0.6000000238418579
05-10-2012,0.30000001192092896,0.30000001192092896,400,0.30000001192092896,0.30000001192092896,0.30000001192092896
08-10-2012,0.30000001192092896,0.30000001192092896,0,0.30000001192092896,0.30000001192092896,0.30000001192092896
09-10-2012,0.30000001192092896,0.30000001192092896,0,0.30000001192092896,0.30000001192092896,0.30000001192092896
10-10-2012,0.30000001192092896,0.30000001192092896,0,0.30000001192092896,0.30000001192092896,0.30000001192092896
11-10-2012,0.30000001192092896,0.30000001192092896,0,0.30000001192092896,0.30000001192092896,0.30000001192092896
12-10-2012,0.30000001192092896,0.30000001192092896,0,0.30000001192092896,0.30000001192092896,0.30000001192092896
15-10-2012,0.4000000059604645,0.5,3600,0.5,0.5,0.5
16-10-2012,0.30000001192092896,0.30000001192092896,200,0.30000001192092896,0.30000001192092896,0.30000001192092896
17-10-2012,0.30000001192092896,0.30000001192092896,0,0.30000001192092896,0.30000001192092896,0.30000001192092896
18-10-2012,0.30000001192092896,0.30000001192092896,0,0.30000001192092896,0.30000001192092896,0.30000001192092896
19-10-2012,0.30000001192092896,0.30000001192092896,0,0.30000001192092896,0.30000001192092896,0.30000001192092896
22-10-2012,0.30000001192092896,0.30000001192092896,0,0.30000001192092896,0.30000001192092896,0.30000001192092896
23-10-2012,0.30000001192092896,0.30000001192092896,1000,0.30000001192092896,0.30000001192092896,0.30000001192092896
24-10-2012,0.30000001192092896,0.30000001192092896,1300,0.30000001192092896,0.30000001192092896,0.30000001192092896
25-10-2012,0.20000000298023224,0.20000000298023224,1800,0.20000000298023224,0.20000000298023224,0.20000000298023224
26-10-2012,0.20000000298023224,0.20000000298023224,0,0.20000000298023224,0.20000000298023224,0.20000000298023224
31-10-2012,0.20000000298023224,0.20000000298023224,0,0.20000000298023224,0.20000000298023224,0.20000000298023224
01-11-2012,0.20000000298023224,0.20000000298023224,0,0.20000000298023224,0.20000000298023224,0.20000000298023224
02-11-2012,0.20000000298023224,0.20000000298023224,0,0.20000000298023224,0.20000000298023224,0.20000000298023224
05-11-2012,0.20000000298023224,0.20000000298023224,0,0.20000000298023224,0.20000000298023224,0.20000000298023224
06-11-2012,0.20000000298023224,0.20000000298023224,0,0.20000000298023224,0.20000000298023224,0.20000000298023224
07-11-2012,0.20000000298023224,0.20000000298023224,0,0.20000000298023224,0.20000000298023224,0.20000000298023224
08-11-2012,0.20000000298023224,0.20000000298023224,700,0.20000000298023224,0.20000000298023224,0.20000000298023224
09-11-2012,0.20000000298023224,0.20000000298023224,0,0.20000000298023224,0.20000000298023224,0.20000000298023224
12-11-2012,0.30000001192092896,0.30000001192092896,200,0.30000001192092896,0.30000001192092896,0.30000001192092896
13-11-2012,0.30000001192092896,0.30000001192092896,0,0.30000001192092896,0.30000001192092896,0.30000001192092896
14-11-2012,0.10000000149011612,0.10000000149011612,0,1.0,1.0,1.0
15-11-2012,1.0,1.0,0,1.0,1.0,1.0
16-11-2012,1.0,1.0,0,1.0,1.0,1.0
19-11-2012,1.0,1.0,0,1.0,1.0,1.0
20-11-2012,1.0,1.0,0,1.0,1.0,1.0
21-11-2012,0.4000000059604645,0.4000000059604645,1000,0.4000000059604645,0.4000000059604645,0.4000000059604645
23-11-2012,0.4000000059604645,0.4000000059604645,0,0.4000000059604645,0.4000000059604645,0.4000000059604645
26-11-2012,0.4000000059604645,0.4000000059604645,0,0.4000000059604645,0.4000000059604645,0.4000000059604645
27-11-2012,0.4000000059604645,0.4000000059604645,0,0.4000000059604645,0.4000000059604645,0.4000000059604645
28-11-2012,0.4000000059604645,0.4000000059604645,0,0.4000000059604645,0.4000000059604645,0.4000000059604645
29-11-2012,0.4000000059604645,0.4000000059604645,0,0.4000000059604645,0.4000000059604645,0.4000000059604645
30-11-2012,0.30000001192092896,0.30000001192092896,17500,0.5,0.5,0.5
03-12-2012,0.6000000238418579,0.699999988079071,1000,0.699999988079071,0.6000000238418579,0.6000000238418579
04-12-2012,0.6000000238418579,0.6000000238418579,0,0.6000000238418579,0.6000000238418579,0.6000000238418579
05-12-2012,0.800000011920929,0.800000011920929,900,0.800000011920929,0.800000011920929,0.800000011920929
06-12-2012,0.5,0.8999999761581421,4200,1.0,0.800000011920929,0.800000011920929
07-12-2012,0.800000011920929,0.800000011920929,1200,0.800000011920929,0.800000011920929,0.800000011920929
10-12-2012,0.5,0.5,200,0.5,0.5,0.5
11-12-2012,0.5,0.5,500,0.5,0.5,0.5
12-12-2012,0.699999988079071,0.800000011920929,10600,0.8999999761581421,0.8999999761581421,0.8999999761581421
13-12-2012,0.5,0.8999999761581421,1700,0.8999999761581421,0.699999988079071,0.699999988079071
14-12-2012,0.5,0.5,4100,0.6000000238418579,0.6000000238418579,0.6000000238418579
17-12-2012,0.5,0.6000000238418579,3200,0.800000011920929,0.699999988079071,0.699999988079071
18-12-2012,0.800000011920929,0.8999999761581421,14200,1.0,0.800000011920929,0.800000011920929
19-12-2012,0.6000000238418579,0.800000011920929,100,0.800000011920929,0.800000011920929,0.800000011920929
20-12-2012,0.6000000238418579,0.800000011920929,1300,0.800000011920929,0.800000011920929,0.800000011920929
21-12-2012,0.800000011920929,0.800000011920929,0,0.800000011920929,0.800000011920929,0.800000011920929
24-12-2012,0.800000011920929,0.800000011920929,700,0.800000011920929,0.800000011920929,0.800000011920929
26-12-2012,0.699999988079071,0.699999988079071,1200,0.699999988079071,0.699999988079071,0.699999988079071
27-12-2012,0.6000000238418579,0.699999988079071,3900,0.699999988079071,0.6000000238418579,0.6000000238418579
28-12-2012,0.6000000238418579,0.6000000238418579,200,1.0,1.0,1.0
31-12-2012,1.2000000476837158,1.2000000476837158,0,1.2000000476837158,1.2000000476837158,1.2000000476837158
02-01-2013,1.2000000476837158,1.2000000476837158,0,1.2000000476837158,1.2000000476837158,1.2000000476837158
03-01-2013,0.5,1.0,4200,1.0,1.0,1.0
04-01-2013,1.0,1.0,0,1.0,1.0,1.0
07-01-2013,0.800000011920929,0.800000011920929,1000,0.800000011920929,0.800000011920929,0.800000011920929
08-01-2013,0.800000011920929,0.800000011920929,0,0.800000011920929,0.800000011920929,0.800000011920929
09-01-2013,0.5,0.5,100,0.5,0.5,0.5
10-01-2013,0.5,0.5,200,0.8999999761581421,0.8999999761581421,0.8999999761581421
11-01-2013,0.5,0.5,200,0.5,0.5,0.5
14-01-2013,0.5,0.5,0,0.5,0.5,0.5
15-01-2013,0.5,0.5,2700,0.800000011920929,0.800000011920929,0.800000011920929
16-01-2013,0.800000011920929,0.800000011920929,0,0.800000011920929,0.800000011920929,0.800000011920929
17-01-2013,0.800000011920929,0.800000011920929,0,0.800000011920929,0.800000011920929,0.800000011920929
18-01-2013,0.5,0.5,300,0.800000011920929,0.800000011920929,0.800000011920929
22-01-2013,0.800000011920929,0.800000011920929,0,0.800000011920929,0.800000011920929,0.800000011920929
23-01-2013,0.800000011920929,0.800000011920929,0,0.800000011920929,0.800000011920929,0.800000011920929
24-01-2013,0.800000011920929,0.800000011920929,0,0.800000011920929,0.800000011920929,0.800000011920929
25-01-2013,0.5,0.5,200,0.5,0.5,0.5
28-01-2013,0.5,0.5,0,0.5,0.5,0.5
29-01-2013,0.5,0.5,500,0.5,0.5,0.5
30-01-2013,0.5,0.5,0,0.5,0.5,0.5
31-01-2013,0.5,0.5,400,0.5,0.5,0.5
01-02-2013,0.5,0.5,0,0.5,0.5,0.5
04-02-2013,0.5,0.5,0,0.5,0.5,0.5
05-02-2013,0.5,0.5,500,0.5,0.5,0.5
06-02-2013,0.5,0.5,0,0.5,0.5,0.5
07-02-2013,0.5,0.5,0,0.5,0.5,0.5
08-02-2013,0.5,0.5,0,0.5,0.5,0.5
11-02-2013,0.5,0.5,0,0.5,0.5,0.5
12-02-2013,0.5,0.5,200,0.5,0.5,0.5
13-02-2013,0.5,0.5,0,0.5,0.5,0.5
14-02-2013,0.5,0.5,0,0.5,0.5,0.5
15-02-2013,0.5,0.5,0,0.5,0.5,0.5
19-02-2013,0.800000011920929,0.800000011920929,6800,0.8999999761581421,0.800000011920929,0.800000011920929
20-02-2013,0.5,1.0,1200,1.0,0.5,0.5
21-02-2013,0.5,0.5,0,0.5,0.5,0.5
22-02-2013,0.5,0.5,0,0.5,0.5,0.5
25-02-2013,0.5,0.5,0,0.5,0.5,0.5
26-02-2013,0.5,0.5,0,0.5,0.5,0.5
27-02-2013,0.10000000149011612,0.10000000149011612,1300,1.0,0.4000000059604645,0.4000000059604645
28-02-2013,0.4000000059604645,0.4000000059604645,0,0.4000000059604645,0.4000000059604645,0.4000000059604645
01-03-2013,0.4000000059604645,0.4000000059604645,0,0.4000000059604645,0.4000000059604645,0.4000000059604645
04-03-2013,0.4000000059604645,0.4000000059604645,0,0.4000000059604645,0.4000000059604645,0.4000000059604645
05-03-2013,0.4000000059604645,0.4000000059604645,0,0.4000000059604645,0.4000000059604645,0.4000000059604645
06-03-2013,0.4000000059604645,0.4000000059604645,500,0.4000000059604645,0.4000000059604645,0.4000000059604645
07-03-2013,0.4000000059604645,0.4000000059604645,0,0.4000000059604645,0.4000000059604645,0.4000000059604645
08-03-2013,0.4000000059604645,0.4000000059604645,0,0.4000000059604645,0.4000000059604645,0.4000000059604645
11-03-2013,0.4000000059604645,0.4000000059604645,0,0.4000000059604645,0.4000000059604645,0.4000000059604645
12-03-2013,0.6000000238418579,0.6000000238418579,200,0.6000000238418579,0.6000000238418579,0.6000000238418579
13-03-2013,0.6000000238418579,0.6000000238418579,200,0.6000000238418579,0.6000000238418579,0.6000000238418579
14-03-2013,0.6000000238418579,0.6000000238418579,0,0.6000000238418579,0.6000000238418579,0.6000000238418579
15-03-2013,0.6000000238418579,0.6000000238418579,0,0.6000000238418579,0.6000000238418579,0.6000000238418579
18-03-2013,0.6000000238418579,0.6000000238418579,0,0.6000000238418579,0.6000000238418579,0.6000000238418579
19-03-2013,0.6000000238418579,0.6000000238418579,0,0.6000000238418579,0.6000000238418579,0.6000000238418579
20-03-2013,0.6000000238418579,0.6000000238418579,3500,0.699999988079071,0.6000000238418579,0.6000000238418579
21-03-2013,0.6000000238418579,0.6000000238418579,0,0.6000000238418579,0.6000000238418579,0.6000000238418579
22-03-2013,0.6000000238418579,0.6000000238418579,0,0.6000000238418579,0.6000000238418579,0.6000000238418579
25-03-2013,0.6000000238418579,0.6000000238418579,0,0.6000000238418579,0.6000000238418579,0.6000000238418579
26-03-2013,0.6000000238418579,0.6000000238418579,0,0.6000000238418579,0.6000000238418579,0.6000000238418579
27-03-2013,0.5,0.5,100,0.5,0.5,0.5
28-03-2013,0.5,0.5,1300,0.6000000238418579,0.6000000238418579,0.6000000238418579
01-04-2013,0.6000000238418579,0.6000000238418579,0,0.6000000238418579,0.6000000238418579,0.6000000238418579
02-04-2013,0.6000000238418579,0.6000000238418579,0,0.6000000238418579,0.6000000238418579,0.6000000238418579
03-04-2013,0.6000000238418579,0.6000000238418579,0,0.6000000238418579,0.6000000238418579,0.6000000238418579
04-04-2013,0.6000000238418579,0.6000000238418579,0,0.6000000238418579,0.6000000238418579,0.6000000238418579
05-04-2013,0.6000000238418579,0.6000000238418579,0,0.6000000238418579,0.6000000238418579,0.6000000238418579
08-04-2013,0.6000000238418579,0.6000000238418579,0,0.6000000238418579,0.6000000238418579,0.6000000238418579
09-04-2013,0.6000000238418579,0.6000000238418579,0,0.6000000238418579,0.6000000238418579,0.6000000238418579
10-04-2013,0.6000000238418579,0.6000000238418579,0,0.6000000238418579,0.6000000238418579,0.6000000238418579
11-04-2013,0.6000000238418579,0.6000000238418579,0,0.6000000238418579,0.6000000238418579,0.6000000238418579
12-04-2013,0.4000000059604645,0.4000000059604645,100,0.4000000059604645,0.4000000059604645,0.4000000059604645
15-04-2013,0.4000000059604645,0.4000000059604645,0,0.4000000059604645,0.4000000059604645,0.4000000059604645
16-04-2013,0.6000000238418579,0.6000000238418579,200,0.6000000238418579,0.6000000238418579,0.6000000238418579
17-04-2013,0.6000000238418579,1.0,500,1.0,0.6000000238418579,0.6000000238418579
18-04-2013,0.6000000238418579,0.6000000238418579,0,0.6000000238418579,0.6000000238418579,0.6000000238418579
19-04-2013,0.6000000238418579,1.0,1400,1.0,0.800000011920929,0.800000011920929
22-04-2013,0.6000000238418579,0.6000000238418579,800,0.6000000238418579,0.6000000238418579,0.6000000238418579
23-04-2013,0.6000000238418579,0.699999988079071,500,0.8999999761581421,0.8999999761581421,0.8999999761581421
24-04-2013,0.8999999761581421,0.8999999761581421,0,0.8999999761581421,0.8999999761581421,0.8999999761581421
25-04-2013,0.699999988079071,0.699999988079071,100,0.699999988079071,0.699999988079071,0.699999988079071
26-04-2013,0.699999988079071,0.699999988079071,900,0.699999988079071,0.699999988079071,0.699999988079071
29-04-2013,0.6000000238418579,0.6000000238418579,1000,0.6000000238418579,0.6000000238418579,0.6000000238418579
30-04-2013,0.6000000238418579,0.6000000238418579,0,0.6000000238418579,0.6000000238418579,0.6000000238418579
01-05-2013,0.6000000238418579,0.6000000238418579,0,0.6000000238418579,0.6000000238418579,0.6000000238418579
02-05-2013,0.8999999761581421,0.8999999761581421,900,0.8999999761581421,0.8999999761581421,0.8999999761581421
03-05-2013,0.8999999761581421,0.8999999761581421,0,0.8999999761581421,0.8999999761581421,0.8999999761581421
06-05-2013,0.699999988079071,0.699999988079071,1400,0.800000011920929,0.800000011920929,0.800000011920929
07-05-2013,0.699999988079071,0.699999988079071,2300,1.5,0.699999988079071,0.699999988079071
08-05-2013,0.699999988079071,0.699999988079071,0,0.699999988079071,0.699999988079071,0.699999988079071
09-05-2013,0.699999988079071,0.699999988079071,0,0.699999988079071,0.699999988079071,0.699999988079071
10-05-2013,0.699999988079071,0.699999988079071,100,0.699999988079071,0.699999988079071,0.699999988079071
13-05-2013,0.699999988079071,0.699999988079071,0,0.699999988079071,0.699999988079071,0.699999988079071
14-05-2013,0.699999988079071,0.699999988079071,0,0.699999988079071,0.699999988079071,0.699999988079071
15-05-2013,0.699999988079071,0.699999988079071,0,0.699999988079071,0.699999988079071,0.699999988079071
16-05-2013,0.699999988079071,0.699999988079071,0,0.699999988079071,0.699999988079071,0.699999988079071
17-05-2013,0.699999988079071,0.699999988079071,0,0.699999988079071,0.699999988079071,0.699999988079071
20-05-2013,0.699999988079071,0.699999988079071,0,0.699999988079071,0.699999988079071,0.699999988079071
21-05-2013,0.699999988079071,0.699999988079071,0,0.699999988079071,0.699999988079071,0.699999988079071
22-05-2013,0.800000011920929,0.800000011920929,200,0.800000011920929,0.800000011920929,0.800000011920929
23-05-2013,0.800000011920929,0.800000011920929,0,0.800000011920929,0.800000011920929,0.800000011920929
24-05-2013,0.699999988079071,0.699999988079071,100,0.699999988079071,0.699999988079071,0.699999988079071
28-05-2013,0.699999988079071,0.699999988079071,100,0.699999988079071,0.699999988079071,0.699999988079071
29-05-2013,0.699999988079071,0.699999988079071,0,0.699999988079071,0.699999988079071,0.699999988079071
30-05-2013,0.699999988079071,0.699999988079071,0,0.699999988079071,0.699999988079071,0.699999988079071
31-05-2013,0.699999988079071,0.699999988079071,0,0.699999988079071,0.699999988079071,0.699999988079071
03-06-2013,0.699999988079071,0.699999988079071,0,0.699999988079071,0.699999988079071,0.699999988079071
04-06-2013,0.699999988079071,0.699999988079071,0,0.699999988079071,0.699999988079071,0.699999988079071
05-06-2013,0.800000011920929,1.100000023841858,500,1.100000023841858,0.800000011920929,0.800000011920929
06-06-2013,0.699999988079071,0.699999988079071,500,0.699999988079071,0.699999988079071,0.699999988079071
07-06-2013,0.699999988079071,0.699999988079071,0,0.699999988079071,0.699999988079071,0.699999988079071
10-06-2013,0.699999988079071,0.699999988079071,1000,0.699999988079071,0.699999988079071,0.699999988079071
11-06-2013,0.699999988079071,0.699999988079071,0,0.699999988079071,0.699999988079071,0.699999988079071
12-06-2013,0.699999988079071,0.699999988079071,0,0.699999988079071,0.699999988079071,0.699999988079071
13-06-2013,0.699999988079071,0.699999988079071,0,0.699999988079071,0.699999988079071,0.699999988079071
14-06-2013,0.699999988079071,0.699999988079071,0,0.699999988079071,0.699999988079071,0.699999988079071
17-06-2013,0.699999988079071,0.699999988079071,0,0.699999988079071,0.699999988079071,0.699999988079071
18-06-2013,0.699999988079071,0.699999988079071,0,0.699999988079071,0.699999988079071,0.699999988079071
19-06-2013,0.699999988079071,0.699999988079071,0,0.699999988079071,0.699999988079071,0.699999988079071
20-06-2013,1.100000023841858,1.100000023841858,100,1.100000023841858,1.100000023841858,1.100000023841858
21-06-2013,1.100000023841858,1.100000023841858,0,1.100000023841858,1.100000023841858,1.100000023841858
24-06-2013,0.800000011920929,0.800000011920929,100,0.800000011920929,0.800000011920929,0.800000011920929
25-06-2013,0.8999999761581421,0.8999999761581421,100,0.8999999761581421,0.8999999761581421,0.8999999761581421
26-06-2013,0.8999999761581421,0.8999999761581421,800,0.8999999761581421,0.8999999761581421,0.8999999761581421
27-06-2013,0.8999999761581421,0.8999999761581421,0,0.8999999761581421,0.8999999761581421,0.8999999761581421
28-06-2013,0.800000011920929,0.8999999761581421,1200,0.8999999761581421,0.800000011920929,0.800000011920929
01-07-2013,0.800000011920929,0.800000011920929,0,0.800000011920929,0.800000011920929,0.800000011920929
02-07-2013,0.800000011920929,0.800000011920929,0,0.800000011920929,0.800000011920929,0.800000011920929
03-07-2013,0.699999988079071,0.699999988079071,100,0.699999988079071,0.699999988079071,0.699999988079071
05-07-2013,0.699999988079071,0.699999988079071,0,0.699999988079071,0.699999988079071,0.699999988079071
08-07-2013,0.699999988079071,0.699999988079071,0,0.699999988079071,0.699999988079071,0.699999988079071
09-07-2013,0.699999988079071,0.699999988079071,0,0.699999988079071,0.699999988079071,0.699999988079071
10-07-2013,0.699999988079071,0.699999988079071,0,0.699999988079071,0.699999988079071,0.699999988079071
11-07-2013,0.699999988079071,0.699999988079071,0,0.699999988079071,0.699999988079071,0.699999988079071
12-07-2013,0.699999988079071,0.699999988079071,0,0.699999988079071,0.699999988079071,0.699999988079071
15-07-2013,0.699999988079071,0.699999988079071,0,0.699999988079071,0.699999988079071,0.699999988079071
16-07-2013,0.699999988079071,0.699999988079071,0,0.699999988079071,0.699999988079071,0.699999988079071
17-07-2013,0.699999988079071,0.699999988079071,0,0.699999988079071,0.699999988079071,0.699999988079071
18-07-2013,0.699999988079071,0.699999988079071,0,0.699999988079071,0.699999988079071,0.699999988079071
19-07-2013,0.699999988079071,0.699999988079071,0,0.699999988079071,0.699999988079071,0.699999988079071
22-07-2013,0.699999988079071,0.699999988079071,0,0.699999988079071,0.699999988079071,0.699999988079071
23-07-2013,0.699999988079071,0.699999988079071,0,0.699999988079071,0.699999988079071,0.699999988079071
24-07-2013,0.699999988079071,0.699999988079071,0,0.699999988079071,0.699999988079071,0.699999988079071
25-07-2013,0.8999999761581421,0.8999999761581421,1500,0.8999999761581421,0.8999999761581421,0.8999999761581421
26-07-2013,0.8999999761581421,0.8999999761581421,0,0.8999999761581421,0.8999999761581421,0.8999999761581421
29-07-2013,0.699999988079071,0.699999988079071,800,0.800000011920929,0.800000011920929,0.800000011920929
30-07-2013,0.800000011920929,0.800000011920929,0,0.800000011920929,0.800000011920929,0.800000011920929
31-07-2013,0.800000011920929,0.800000011920929,0,0.800000011920929,0.800000011920929,0.800000011920929
01-08-2013,0.8999999761581421,0.8999999761581421,2200,0.8999999761581421,0.8999999761581421,0.8999999761581421
02-08-2013,1.0,1.0,2100,1.0,1.0,1.0
05-08-2013,1.0,1.0,4900,1.7999999523162842,1.7999999523162842,1.7999999523162842
06-08-2013,1.2999999523162842,1.899999976158142,5700,1.899999976158142,1.5,1.5
07-08-2013,0.8999999761581421,1.2999999523162842,4500,1.2999999523162842,1.2000000476837158,1.2000000476837158
08-08-2013,1.2000000476837158,1.2000000476837158,1900,1.2000000476837158,1.2000000476837158,1.2000000476837158
09-08-2013,1.2000000476837158,1.2000000476837158,800,1.2000000476837158,1.2000000476837158,1.2000000476837158
12-08-2013,1.2000000476837158,1.2000000476837158,0,1.2000000476837158,1.2000000476837158,1.2000000476837158
13-08-2013,1.2000000476837158,1.2000000476837158,0,1.2000000476837158,1.2000000476837158,1.2000000476837158
14-08-2013,1.2000000476837158,1.2000000476837158,0,1.2000000476837158,1.2000000476837158,1.2000000476837158
15-08-2013,1.2000000476837158,1.2000000476837158,0,1.2000000476837158,1.2000000476837158,1.2000000476837158
16-08-2013,1.2000000476837158,1.2000000476837158,0,1.2000000476837158,1.2000000476837158,1.2000000476837158
19-08-2013,1.2000000476837158,1.2000000476837158,0,1.2000000476837158,1.2000000476837158,1.2000000476837158
20-08-2013,1.2000000476837158,1.2000000476837158,0,1.2000000476837158,1.2000000476837158,1.2000000476837158
21-08-2013,1.2999999523162842,1.2999999523162842,0,1.2999999523162842,1.2999999523162842,1.2999999523162842
22-08-2013,1.2999999523162842,1.2999999523162842,0,1.2999999523162842,1.2999999523162842,1.2999999523162842
23-08-2013,1.2999999523162842,1.2999999523162842,0,1.2999999523162842,1.2999999523162842,1.2999999523162842
26-08-2013,1.2999999523162842,1.2999999523162842,0,1.2999999523162842,1.2999999523162842,1.2999999523162842
27-08-2013,1.2999999523162842,1.2999999523162842,0,1.2999999523162842,1.2999999523162842,1.2999999523162842
28-08-2013,1.2999999523162842,1.2999999523162842,0,1.2999999523162842,1.2999999523162842,1.2999999523162842
29-08-2013,1.2999999523162842,1.2999999523162842,1100,1.2999999523162842,1.2999999523162842,1.2999999523162842
30-08-2013,1.2999999523162842,1.2999999523162842,0,1.2999999523162842,1.2999999523162842,1.2999999523162842
03-09-2013,1.100000023841858,1.2999999523162842,7100,1.5,1.100000023841858,1.100000023841858
04-09-2013,1.0,1.0,2500,1.0,1.0,1.0
05-09-2013,1.100000023841858,1.100000023841858,200,1.2000000476837158,1.2000000476837158,1.2000000476837158
06-09-2013,1.2000000476837158,1.2000000476837158,0,1.2000000476837158,1.2000000476837158,1.2000000476837158
09-09-2013,1.2000000476837158,1.2000000476837158,0,1.2000000476837158,1.2000000476837158,1.2000000476837158
10-09-2013,1.100000023841858,1.100000023841858,0,1.100000023841858,1.100000023841858,1.100000023841858
11-09-2013,0.699999988079071,0.8999999761581421,8600,0.8999999761581421,0.699999988079071,0.699999988079071
12-09-2013,0.6000000238418579,0.6000000238418579,100,0.6000000238418579,0.6000000238418579,0.6000000238418579
13-09-2013,0.6000000238418579,0.6000000238418579,6000,0.8999999761581421,0.8999999761581421,0.8999999761581421
16-09-2013,0.800000011920929,0.800000011920929,0,0.800000011920929,0.800000011920929,0.800000011920929
17-09-2013,0.6000000238418579,0.699999988079071,12700,0.699999988079071,0.699999988079071,0.699999988079071
18-09-2013,0.699999988079071,0.699999988079071,2500,0.699999988079071,0.699999988079071,0.699999988079071
19-09-2013,0.699999988079071,0.699999988079071,1000,0.699999988079071,0.699999988079071,0.699999988079071
20-09-2013,0.699999988079071,0.699999988079071,0,0.699999988079071,0.699999988079071,0.699999988079071
23-09-2013,0.8999999761581421,0.8999999761581421,100,0.8999999761581421,0.8999999761581421,0.8999999761581421
24-09-2013,0.8999999761581421,0.8999999761581421,0,0.8999999761581421,0.8999999761581421,0.8999999761581421
25-09-2013,0.699999988079071,0.699999988079071,7000,0.699999988079071,0.699999988079071,0.699999988079071
26-09-2013,0.699999988079071,0.699999988079071,0,0.699999988079071,0.699999988079071,0.699999988079071
27-09-2013,0.8999999761581421,0.8999999761581421,600,0.8999999761581421,0.8999999761581421,0.8999999761581421
30-09-2013,0.699999988079071,0.699999988079071,500,0.699999988079071,0.699999988079071,0.699999988079071
01-10-2013,0.699999988079071,0.699999988079071,0,0.699999988079071,0.699999988079071,0.699999988079071
02-10-2013,0.699999988079071,0.699999988079071,0,0.699999988079071,0.699999988079071,0.699999988079071
03-10-2013,0.699999988079071,0.699999988079071,1900,0.699999988079071,0.699999988079071,0.699999988079071
04-10-2013,0.699999988079071,0.699999988079071,0,0.699999988079071,0.699999988079071,0.699999988079071
07-10-2013,0.699999988079071,0.699999988079071,0,0.699999988079071,0.699999988079071,0.699999988079071
08-10-2013,0.699999988079071,0.699999988079071,0,0.699999988079071,0.699999988079071,0.699999988079071
09-10-2013,0.699999988079071,0.699999988079071,700,0.699999988079071,0.699999988079071,0.699999988079071
10-10-2013,0.699999988079071,0.699999988079071,0,0.699999988079071,0.699999988079071,0.699999988079071
11-10-2013,0.699999988079071,0.699999988079071,100,0.699999988079071,0.699999988079071,0.699999988079071
14-10-2013,0.5,0.5,1100,0.5,0.5,0.5
15-10-2013,0.5,0.5,0,0.5,0.5,0.5
16-10-2013,0.5,0.5,0,0.5,0.5,0.5
17-10-2013,0.5,0.5,10800,0.5,0.5,0.5
18-10-2013,0.5,0.5,800,0.5,0.5,0.5
21-10-2013,0.5,0.5,8200,0.5,0.5,0.5
22-10-2013,0.4000000059604645,0.4000000059604645,0,0.4000000059604645,0.4000000059604645,0.4000000059604645
23-10-2013,0.4000000059604645,0.4000000059604645,0,0.4000000059604645,0.4000000059604645,0.4000000059604645
24-10-2013,0.4000000059604645,0.4000000059604645,0,0.4000000059604645,0.4000000059604645,0.4000000059604645
25-10-2013,0.4000000059604645,0.4000000059604645,0,0.4000000059604645,0.4000000059604645,0.4000000059604645
28-10-2013,0.4000000059604645,0.5,9400,0.5,0.5,0.5
29-10-2013,0.5,0.5,11000,0.8999999761581421,0.800000011920929,0.800000011920929
30-10-2013,0.699999988079071,0.8999999761581421,2000,0.8999999761581421,0.699999988079071,0.699999988079071
31-10-2013,0.6000000238418579,0.800000011920929,22500,1.0,0.699999988079071,0.699999988079071
01-11-2013,0.699999988079071,0.800000011920929,1200,0.800000011920929,0.800000011920929,0.800000011920929
04-11-2013,0.6000000238418579,0.6000000238418579,1100,0.699999988079071,0.699999988079071,0.699999988079071
05-11-2013,0.6000000238418579,0.699999988079071,5800,0.699999988079071,0.6000000238418579,0.6000000238418579
06-11-2013,0.6000000238418579,0.6000000238418579,400,0.699999988079071,0.699999988079071,0.699999988079071
07-11-2013,0.699999988079071,0.699999988079071,0,0.699999988079071,0.699999988079071,0.699999988079071
08-11-2013,0.699999988079071,0.699999988079071,0,0.699999988079071,0.699999988079071,0.699999988079071
11-11-2013,0.699999988079071,0.800000011920929,500,0.800000011920929,0.699999988079071,0.699999988079071
12-11-2013,0.699999988079071,0.699999988079071,2100,0.699999988079071,0.699999988079071,0.699999988079071
13-11-2013,0.699999988079071,0.699999988079071,0,0.699999988079071,0.699999988079071,0.699999988079071
14-11-2013,0.6000000238418579,0.6000000238418579,400,0.6000000238418579,0.6000000238418579,0.6000000238418579
15-11-2013,0.6000000238418579,0.6000000238418579,3700,0.6000000238418579,0.6000000238418579,0.6000000238418579
18-11-2013,0.6000000238418579,0.6000000238418579,2400,0.6000000238418579,0.6000000238418579,0.6000000238418579
19-11-2013,0.6000000238418579,0.6000000238418579,1600,0.6000000238418579,0.6000000238418579,0.6000000238418579
20-11-2013,0.6000000238418579,0.6000000238418579,900,0.6000000238418579,0.6000000238418579,0.6000000238418579
21-11-2013,0.6000000238418579,0.6000000238418579,2900,0.6000000238418579,0.6000000238418579,0.6000000238418579
22-11-2013,0.5,0.6000000238418579,25900,0.6000000238418579,0.6000000238418579,0.6000000238418579
25-11-2013,0.5,0.6000000238418579,1800,0.6000000238418579,0.5,0.5
26-11-2013,0.5,0.5,200,0.5,0.5,0.5
27-11-2013,0.4000000059604645,0.4000000059604645,1000,0.4000000059604645,0.4000000059604645,0.4000000059604645
29-11-2013,0.20000000298023224,0.4000000059604645,14600,0.5,0.20000000298023224,0.20000000298023224
02-12-2013,0.4000000059604645,0.5,2900,0.5,0.4000000059604645,0.4000000059604645
03-12-2013,0.4000000059604645,0.4000000059604645,700,0.4000000059604645,0.4000000059604645,0.4000000059604645
04-12-2013,0.4000000059604645,0.4000000059604645,0,0.4000000059604645,0.4000000059604645,0.4000000059604645
05-12-2013,0.4000000059604645,0.4000000059604645,1200,0.4000000059604645,0.4000000059604645,0.4000000059604645
06-12-2013,0.20000000298023224,0.20000000298023224,2600,0.5,0.5,0.5
09-12-2013,0.4000000059604645,0.4000000059604645,100,0.5,0.5,0.5
10-12-2013,0.5,0.5,600,0.5,0.5,0.5
11-12-2013,0.5,0.5,0,0.5,0.5,0.5
12-12-2013,0.6000000238418579,0.6000000238418579,3400,0.6000000238418579,0.6000000238418579,0.6000000238418579
13-12-2013,0.6000000238418579,0.6000000238418579,0,0.6000000238418579,0.6000000238418579,0.6000000238418579
16-12-2013,0.699999988079071,0.800000011920929,1600,0.800000011920929,0.699999988079071,0.699999988079071
17-12-2013,0.699999988079071,0.699999988079071,0,0.699999988079071,0.699999988079071,0.699999988079071
18-12-2013,0.6000000238418579,0.699999988079071,2600,0.699999988079071,0.6000000238418579,0.6000000238418579
19-12-2013,0.6000000238418579,0.699999988079071,11100,0.8999999761581421,0.8999999761581421,0.8999999761581421
20-12-2013,0.6000000238418579,1.100000023841858,4300,1.100000023841858,0.8999999761581421,0.8999999761581421
23-12-2013,0.6000000238418579,0.6000000238418579,11100,0.8999999761581421,0.8999999761581421,0.8999999761581421
24-12-2013,0.8999999761581421,0.8999999761581421,0,0.8999999761581421,0.8999999761581421,0.8999999761581421
26-12-2013,0.800000011920929,0.800000011920929,2400,0.800000011920929,0.800000011920929,0.800000011920929
27-12-2013,0.6000000238418579,0.800000011920929,1100,0.800000011920929,0.6000000238418579,0.6000000238418579
30-12-2013,0.6000000238418579,0.6000000238418579,200,0.699999988079071,0.699999988079071,0.699999988079071
31-12-2013,0.6000000238418579,0.699999988079071,6700,0.699999988079071,0.6000000238418579,0.6000000238418579
02-01-2014,0.699999988079071,0.699999988079071,600,0.699999988079071,0.699999988079071,0.699999988079071
03-01-2014,0.699999988079071,0.699999988079071,1900,0.699999988079071,0.699999988079071,0.699999988079071
06-01-2014,0.699999988079071,0.800000011920929,12300,1.0,1.0,1.0
07-01-2014,0.800000011920929,0.800000011920929,12800,1.0,0.800000011920929,0.800000011920929
08-01-2014,0.800000011920929,0.800000011920929,1200,1.0,1.0,1.0
09-01-2014,1.0,1.0,700,1.0,1.0,1.0
10-01-2014,0.800000011920929,0.800000011920929,2200,0.8999999761581421,0.8999999761581421,0.8999999761581421
13-01-2014,0.8999999761581421,0.8999999761581421,0,0.8999999761581421,0.8999999761581421,0.8999999761581421
14-01-2014,0.800000011920929,1.0,8400,1.0,1.0,1.0
15-01-2014,0.800000011920929,1.0,3800,1.0,0.800000011920929,0.800000011920929
16-01-2014,0.800000011920929,0.800000011920929,0,0.800000011920929,0.800000011920929,0.800000011920929
17-01-2014,1.0,1.0,1300,1.0,1.0,1.0
21-01-2014,1.0,1.0,500,1.0,1.0,1.0
22-01-2014,1.0,1.0,0,1.0,1.0,1.0
23-01-2014,0.800000011920929,0.800000011920929,5000,0.8999999761581421,0.800000011920929,0.800000011920929
24-01-2014,0.800000011920929,0.800000011920929,1500,0.8999999761581421,0.8999999761581421,0.8999999761581421
27-01-2014,0.8999999761581421,0.8999999761581421,400,0.8999999761581421,0.8999999761581421,0.8999999761581421
28-01-2014,0.800000011920929,0.800000011920929,1200,0.800000011920929,0.800000011920929,0.800000011920929
29-01-2014,0.800000011920929,0.800000011920929,1300,0.800000011920929,0.800000011920929,0.800000011920929
30-01-2014,0.800000011920929,0.800000011920929,4000,0.800000011920929,0.800000011920929,0.800000011920929
31-01-2014,0.8999999761581421,0.8999999761581421,500,0.8999999761581421,0.8999999761581421,0.8999999761581421
03-02-2014,0.800000011920929,0.800000011920929,2300,0.8999999761581421,0.8999999761581421,0.8999999761581421
04-02-2014,0.800000011920929,0.800000011920929,1000,0.800000011920929,0.800000011920929,0.800000011920929
05-02-2014,0.800000011920929,0.800000011920929,100,0.800000011920929,0.800000011920929,0.800000011920929
06-02-2014,0.800000011920929,0.800000011920929,400,0.800000011920929,0.800000011920929,0.800000011920929
07-02-2014,0.800000011920929,0.800000011920929,4900,0.8999999761581421,0.8999999761581421,0.8999999761581421
10-02-2014,0.8999999761581421,0.8999999761581421,700,0.8999999761581421,0.8999999761581421,0.8999999761581421
11-02-2014,0.8999999761581421,0.8999999761581421,1100,1.0,1.0,1.0
12-02-2014,0.800000011920929,1.0,1800,1.0,1.0,1.0
13-02-2014,0.800000011920929,0.800000011920929,700,0.800000011920929,0.800000011920929,0.800000011920929
14-02-2014,1.0,1.0,500,1.0,1.0,1.0
18-02-2014,0.800000011920929,1.0,4800,1.0,0.8999999761581421,0.8999999761581421
19-02-2014,0.800000011920929,0.8999999761581421,800,0.8999999761581421,0.8999999761581421,0.8999999761581421
20-02-2014,0.8999999761581421,0.8999999761581421,1000,0.8999999761581421,0.8999999761581421,0.8999999761581421
21-02-2014,0.8999999761581421,0.8999999761581421,0,0.8999999761581421,0.8999999761581421,0.8999999761581421
24-02-2014,0.800000011920929,0.800000011920929,200,0.800000011920929,0.800000011920929,0.800000011920929
25-02-2014,0.8999999761581421,0.8999999761581421,600,0.8999999761581421,0.8999999761581421,0.8999999761581421
26-02-2014,0.8999999761581421,0.8999999761581421,500,0.8999999761581421,0.8999999761581421,0.8999999761581421
27-02-2014,0.8999999761581421,1.0,2900,1.0,0.8999999761581421,0.8999999761581421
28-02-2014,1.0,1.0,300,1.0,1.0,1.0
03-03-2014,0.8999999761581421,0.8999999761581421,900,1.0,1.0,1.0
04-03-2014,0.8999999761581421,0.8999999761581421,1000,0.8999999761581421,0.8999999761581421,0.8999999761581421
05-03-2014,0.8999999761581421,0.8999999761581421,0,0.8999999761581421,0.8999999761581421,0.8999999761581421
06-03-2014,1.0,1.0,3400,1.0,1.0,1.0
07-03-2014,1.0,1.0,0,1.0,1.0,1.0
10-03-2014,0.8999999761581421,0.8999999761581421,1100,1.0,1.0,1.0
11-03-2014,1.0,1.0,0,1.0,1.0,1.0
12-03-2014,1.0,1.0,3900,1.0,1.0,1.0
13-03-2014,1.0,1.0,0,1.0,1.0,1.0
14-03-2014,0.800000011920929,0.800000011920929,200,0.800000011920929,0.800000011920929,0.800000011920929
17-03-2014,0.800000011920929,1.0,2500,1.0,0.800000011920929,0.800000011920929
18-03-2014,1.0,1.100000023841858,1400,1.100000023841858,1.0,1.0
19-03-2014,1.100000023841858,1.100000023841858,5100,1.2000000476837158,1.2000000476837158,1.2000000476837158
20-03-2014,1.2000000476837158,1.2000000476837158,4900,1.600000023841858,1.5,1.5
21-03-2014,1.899999976158142,2.0,2700,2.200000047683716,2.0,2.0
24-03-2014,1.2999999523162842,2.200000047683716,1400,2.200000047683716,1.399999976158142,1.399999976158142
25-03-2014,1.7000000476837158,2.0,6100,2.0,1.7999999523162842,1.7999999523162842
26-03-2014,1.399999976158142,1.5,2900,1.899999976158142,1.899999976158142,1.899999976158142
27-03-2014,1.7000000476837158,1.7999999523162842,5700,2.0,2.0,2.0
28-03-2014,2.0,2.0,1700,2.200000047683716,2.200000047683716,2.200000047683716
31-03-2014,2.0999999046325684,2.200000047683716,3400,2.200000047683716,2.0999999046325684,2.0999999046325684
01-04-2014,2.0999999046325684,2.0999999046325684,200,2.0999999046325684,2.0999999046325684,2.0999999046325684
02-04-2014,1.399999976158142,2.0999999046325684,4600,2.0999999046325684,1.899999976158142,1.899999976158142
03-04-2014,1.5,1.899999976158142,1400,1.899999976158142,1.5,1.5
04-04-2014,1.5,1.5,1400,2.0999999046325684,2.0999999046325684,2.0999999046325684
07-04-2014,1.5,2.0999999046325684,2500,2.0999999046325684,1.7000000476837158,1.7000000476837158
08-04-2014,1.7999999523162842,2.0,1900,2.0,1.7999999523162842,1.7999999523162842
09-04-2014,1.600000023841858,1.7999999523162842,1100,1.7999999523162842,1.600000023841858,1.600000023841858
10-04-2014,1.899999976158142,2.0,4500,2.200000047683716,1.899999976158142,1.899999976158142
11-04-2014,1.600000023841858,1.899999976158142,2200,1.899999976158142,1.7999999523162842,1.7999999523162842
14-04-2014,1.600000023841858,1.600000023841858,100,1.7999999523162842,1.7999999523162842,1.7999999523162842
15-04-2014,1.5,1.7999999523162842,1000,1.7999999523162842,1.7999999523162842,1.7999999523162842
16-04-2014,1.2999999523162842,1.2999999523162842,400,1.7999999523162842,1.7999999523162842,1.7999999523162842
17-04-2014,1.600000023841858,1.600000023841858,800,1.600000023841858,1.600000023841858,1.600000023841858
21-04-2014,1.5,1.7999999523162842,2800,1.7999999523162842,1.5,1.5
22-04-2014,1.5,1.5,100,1.7000000476837158,1.7000000476837158,1.7000000476837158
23-04-2014,1.600000023841858,1.7000000476837158,1800,1.7000000476837158,1.7000000476837158,1.7000000476837158
24-04-2014,1.5,1.600000023841858,2900,1.7000000476837158,1.7000000476837158,1.7000000476837158
25-04-2014,1.7000000476837158,1.7000000476837158,0,1.7000000476837158,1.7000000476837158,1.7000000476837158
28-04-2014,1.5,1.5,1200,1.7000000476837158,1.7000000476837158,1.7000000476837158
29-04-2014,1.399999976158142,1.5,400,1.5,1.399999976158142,1.399999976158142
30-04-2014,1.7000000476837158,1.7000000476837158,0,1.7000000476837158,1.7000000476837158,1.7000000476837158
01-05-2014,1.2999999523162842,1.2999999523162842,0,1.2999999523162842,1.2999999523162842,1.2999999523162842
02-05-2014,1.5,1.5,700,1.7000000476837158,1.7000000476837158,1.7000000476837158
05-05-2014,1.5,1.7000000476837158,5600,1.7000000476837158,1.5,1.5
06-05-2014,1.7000000476837158,1.7000000476837158,0,1.7000000476837158,1.7000000476837158,1.7000000476837158
07-05-2014,1.600000023841858,1.7000000476837158,3400,2.0,1.7000000476837158,1.7000000476837158
08-05-2014,1.7000000476837158,1.7000000476837158,0,1.7000000476837158,1.7000000476837158,1.7000000476837158
09-05-2014,1.5,1.5,1100,1.7000000476837158,1.7000000476837158,1.7000000476837158
12-05-2014,1.0,1.5,11500,1.7000000476837158,1.2999999523162842,1.2999999523162842
13-05-2014,1.2000000476837158,1.2000000476837158,600,1.2999999523162842,1.2999999523162842,1.2999999523162842
14-05-2014,1.2999999523162842,1.2999999523162842,0,1.2999999523162842,1.2999999523162842,1.2999999523162842
15-05-2014,1.2999999523162842,1.2999999523162842,3000,1.5,1.5,1.5
16-05-2014,1.399999976158142,1.399999976158142,2000,1.5,1.5,1.5
19-05-2014,1.5,1.5,0,1.5,1.5,1.5
20-05-2014,1.399999976158142,1.5,2900,1.7000000476837158,1.399999976158142,1.399999976158142
21-05-2014,1.399999976158142,1.399999976158142,0,1.399999976158142,1.399999976158142,1.399999976158142
22-05-2014,1.399999976158142,1.399999976158142,0,1.399999976158142,1.399999976158142,1.399999976158142
23-05-2014,1.7000000476837158,1.7000000476837158,100,1.7000000476837158,1.7000000476837158,1.7000000476837158
27-05-2014,1.600000023841858,1.7000000476837158,1000,1.7000000476837158,1.7000000476837158,1.7000000476837158
28-05-2014,1.399999976158142,1.399999976158142,500,1.7000000476837158,1.7000000476837158,1.7000000476837158
29-05-2014,1.7000000476837158,1.7000000476837158,0,1.7000000476837158,1.7000000476837158,1.7000000476837158
30-05-2014,1.7000000476837158,1.7000000476837158,0,1.7000000476837158,1.7000000476837158,1.7000000476837158
02-06-2014,1.600000023841858,1.600000023841858,0,1.600000023841858,1.600000023841858,1.600000023841858
03-06-2014,1.600000023841858,1.600000023841858,600,1.600000023841858,1.600000023841858,1.600000023841858
04-06-2014,1.600000023841858,1.600000023841858,300,1.600000023841858,1.600000023841858,1.600000023841858
05-06-2014,1.600000023841858,1.600000023841858,0,1.600000023841858,1.600000023841858,1.600000023841858
06-06-2014,1.2999999523162842,1.2999999523162842,2500,1.7000000476837158,1.7000000476837158,1.7000000476837158
09-06-2014,1.2999999523162842,1.2999999523162842,1600,1.2999999523162842,1.2999999523162842,1.2999999523162842
10-06-2014,1.2999999523162842,1.2999999523162842,1000,1.2999999523162842,1.2999999523162842,1.2999999523162842
11-06-2014,1.5,1.5,1500,1.5,1.5,1.5
12-06-2014,1.2999999523162842,1.2999999523162842,2800,1.2999999523162842,1.2999999523162842,1.2999999523162842
13-06-2014,1.2999999523162842,1.2999999523162842,500,1.2999999523162842,1.2999999523162842,1.2999999523162842
16-06-2014,1.5,1.5,300,1.5,1.5,1.5
17-06-2014,1.5,1.5,300,1.5,1.5,1.5
18-06-2014,1.2999999523162842,1.2999999523162842,800,1.5,1.5,1.5
19-06-2014,1.2999999523162842,1.5,300,1.5,1.2999999523162842,1.2999999523162842
20-06-2014,1.7000000476837158,1.7000000476837158,200,1.7000000476837158,1.7000000476837158,1.7000000476837158
23-06-2014,1.7000000476837158,1.7000000476837158,0,1.7000000476837158,1.7000000476837158,1.7000000476837158
24-06-2014,1.7000000476837158,1.7000000476837158,0,1.7000000476837158,1.7000000476837158,1.7000000476837158
25-06-2014,1.5,1.5,300,1.5,1.5,1.5
26-06-2014,1.5,1.7000000476837158,4200,1.7000000476837158,1.600000023841858,1.600000023841858
27-06-2014,1.5,1.600000023841858,2100,1.600000023841858,1.5,1.5
30-06-2014,1.600000023841858,1.600000023841858,2800,1.600000023841858,1.600000023841858,1.600000023841858
01-07-2014,1.5,1.5,4000,1.5,1.5,1.5
02-07-2014,1.5,1.5,0,1.5,1.5,1.5
03-07-2014,1.5,1.5,0,1.5,1.5,1.5
07-07-2014,1.5,1.5,200,1.5,1.5,1.5
08-07-2014,1.5,1.5,0,1.5,1.5,1.5
09-07-2014,1.5,1.5,900,1.7000000476837158,1.7000000476837158,1.7000000476837158
10-07-2014,1.7000000476837158,1.7000000476837158,1800,1.7999999523162842,1.7999999523162842,1.7999999523162842
11-07-2014,1.7999999523162842,1.7999999523162842,1600,2.0,2.0,2.0
14-07-2014,1.7999999523162842,1.899999976158142,500,1.899999976158142,1.899999976158142,1.899999976158142
15-07-2014,1.7999999523162842,1.7999999523162842,4800,2.0,1.7999999523162842,1.7999999523162842
16-07-2014,1.7999999523162842,1.7999999523162842,1200,1.899999976158142,1.899999976158142,1.899999976158142
17-07-2014,2.0,2.0,100,2.0,2.0,2.0
18-07-2014,2.0,2.0,0,2.0,2.0,2.0
21-07-2014,1.7000000476837158,1.899999976158142,5600,1.899999976158142,1.899999976158142,1.899999976158142
22-07-2014,1.7000000476837158,1.7000000476837158,0,1.7000000476837158,1.7000000476837158,1.7000000476837158
23-07-2014,1.7000000476837158,1.7000000476837158,3800,1.7000000476837158,1.7000000476837158,1.7000000476837158
24-07-2014,1.7000000476837158,1.7000000476837158,300,1.7000000476837158,1.7000000476837158,1.7000000476837158
25-07-2014,1.7000000476837158,1.7000000476837158,0,1.7000000476837158,1.7000000476837158,1.7000000476837158
28-07-2014,1.7000000476837158,1.7000000476837158,0,1.7000000476837158,1.7000000476837158,1.7000000476837158
29-07-2014,1.7000000476837158,1.7000000476837158,0,1.7000000476837158,1.7000000476837158,1.7000000476837158
30-07-2014,1.7000000476837158,1.7000000476837158,0,1.7000000476837158,1.7000000476837158,1.7000000476837158
31-07-2014,1.600000023841858,1.600000023841858,100,1.600000023841858,1.600000023841858,1.600000023841858
01-08-2014,1.600000023841858,1.600000023841858,0,1.600000023841858,1.600000023841858,1.600000023841858
04-08-2014,1.7000000476837158,1.899999976158142,3000,2.0,1.7999999523162842,1.7999999523162842
05-08-2014,1.7999999523162842,2.0,1700,2.0,2.0,2.0
06-08-2014,1.600000023841858,2.0,700,2.0,2.0,2.0
07-08-2014,1.600000023841858,2.0,100,2.0,1.600000023841858,1.600000023841858
08-08-2014,1.600000023841858,1.600000023841858,200,2.0,2.0,2.0
11-08-2014,2.0,2.0,0,2.0,2.0,2.0
12-08-2014,1.7999999523162842,2.0,1100,2.0,1.7999999523162842,1.7999999523162842
13-08-2014,1.600000023841858,1.7000000476837158,500,2.0,2.0,2.0
14-08-2014,1.7999999523162842,1.7999999523162842,500,1.7999999523162842,1.7999999523162842,1.7999999523162842
15-08-2014,1.600000023841858,1.600000023841858,500,1.7999999523162842,1.7999999523162842,1.7999999523162842
18-08-2014,1.7999999523162842,1.7999999523162842,0,1.7999999523162842,1.7999999523162842,1.7999999523162842
19-08-2014,1.7999999523162842,1.7999999523162842,0,1.7999999523162842,1.7999999523162842,1.7999999523162842
20-08-2014,1.7000000476837158,1.7000000476837158,200,1.7000000476837158,1.7000000476837158,1.7000000476837158
21-08-2014,1.7000000476837158,1.7000000476837158,1500,1.7000000476837158,1.7000000476837158,1.7000000476837158
22-08-2014,1.600000023841858,1.600000023841858,600,1.7000000476837158,1.7000000476837158,1.7000000476837158
25-08-2014,1.600000023841858,1.600000023841858,1900,1.7000000476837158,1.600000023841858,1.600000023841858
26-08-2014,1.7000000476837158,1.7000000476837158,200,1.7000000476837158,1.7000000476837158,1.7000000476837158
27-08-2014,1.600000023841858,1.600000023841858,500,1.600000023841858,1.600000023841858,1.600000023841858
28-08-2014,1.600000023841858,1.600000023841858,500,1.600000023841858,1.600000023841858,1.600000023841858
29-08-2014,1.2000000476837158,1.600000023841858,5500,1.7000000476837158,1.7000000476837158,1.7000000476837158
02-09-2014,1.7000000476837158,1.7000000476837158,500,1.7000000476837158,1.7000000476837158,1.7000000476837158
03-09-2014,1.100000023841858,1.100000023841858,2700,1.7000000476837158,1.7000000476837158,1.7000000476837158
04-09-2014,1.100000023841858,1.100000023841858,200,1.7000000476837158,1.7000000476837158,1.7000000476837158
05-09-2014,1.2999999523162842,1.2999999523162842,1300,1.7000000476837158,1.7000000476837158,1.7000000476837158
08-09-2014,1.7000000476837158,1.7000000476837158,0,1.7000000476837158,1.7000000476837158,1.7000000476837158
09-09-2014,1.7000000476837158,1.7000000476837158,0,1.7000000476837158,1.7000000476837158,1.7000000476837158
10-09-2014,1.7000000476837158,1.7000000476837158,0,1.7000000476837158,1.7000000476837158,1.7000000476837158
11-09-2014,1.7000000476837158,1.7000000476837158,500,1.7000000476837158,1.7000000476837158,1.7000000476837158
12-09-2014,1.399999976158142,1.5,900,1.5,1.399999976158142,1.399999976158142
15-09-2014,1.399999976158142,1.399999976158142,200,1.399999976158142,1.399999976158142,1.399999976158142
16-09-2014,1.399999976158142,1.399999976158142,1500,1.399999976158142,1.399999976158142,1.399999976158142
17-09-2014,0.8999999761581421,1.2999999523162842,5500,1.2999999523162842,0.8999999761581421,0.8999999761581421
18-09-2014,1.2000000476837158,1.2000000476837158,300,1.2000000476837158,1.2000000476837158,1.2000000476837158
19-09-2014,0.8999999761581421,0.8999999761581421,1500,1.100000023841858,1.100000023841858,1.100000023841858
22-09-2014,1.100000023841858,1.100000023841858,0,1.100000023841858,1.100000023841858,1.100000023841858
23-09-2014,0.8999999761581421,0.8999999761581421,2000,0.8999999761581421,0.8999999761581421,0.8999999761581421
24-09-2014,1.0,1.0,1100,1.0,1.0,1.0
25-09-2014,1.0,1.0,3900,1.100000023841858,1.100000023841858,1.100000023841858
26-09-2014,1.5,1.5,1000,1.5,1.5,1.5
29-09-2014,0.699999988079071,0.699999988079071,4700,1.2999999523162842,1.2999999523162842,1.2999999523162842
30-09-2014,1.0,1.0,100,1.0,1.0,1.0
01-10-2014,1.0,1.0,0,1.0,1.0,1.0
02-10-2014,1.0,1.0,0,1.0,1.0,1.0
03-10-2014,1.2999999523162842,1.2999999523162842,2000,1.2999999523162842,1.2999999523162842,1.2999999523162842
06-10-2014,1.2999999523162842,1.2999999523162842,500,1.2999999523162842,1.2999999523162842,1.2999999523162842
07-10-2014,1.399999976158142,1.399999976158142,1500,1.399999976158142,1.399999976158142,1.399999976158142
08-10-2014,1.399999976158142,1.399999976158142,0,1.399999976158142,1.399999976158142,1.399999976158142
09-10-2014,1.0,1.0,0,1.2000000476837158,1.2000000476837158,1.2000000476837158
10-10-2014,1.2000000476837158,1.2000000476837158,0,1.2000000476837158,1.2000000476837158,1.2000000476837158
13-10-2014,1.0,1.0,1000,1.0,1.0,1.0
14-10-2014,1.0,1.0,500,1.0,1.0,1.0
15-10-2014,1.0,1.0,0,1.0,1.0,1.0
16-10-2014,1.0,1.0,700,1.0,1.0,1.0
17-10-2014,1.0,1.0,0,1.0,1.0,1.0
20-10-2014,1.0,1.0,0,1.0,1.0,1.0
21-10-2014,1.0,1.0,0,1.0,1.0,1.0
22-10-2014,1.0,1.0,100,1.0,1.0,1.0
23-10-2014,1.0,1.0,0,1.0,1.0,1.0
24-10-2014,1.2000000476837158,1.2000000476837158,1000,1.2000000476837158,1.2000000476837158,1.2000000476837158
27-10-2014,1.2999999523162842,1.2999999523162842,1000,1.2999999523162842,1.2999999523162842,1.2999999523162842
28-10-2014,1.2999999523162842,1.2999999523162842,0,1.2999999523162842,1.2999999523162842,1.2999999523162842
29-10-2014,1.2999999523162842,1.2999999523162842,200,1.2999999523162842,1.2999999523162842,1.2999999523162842
30-10-2014,1.0,1.0,200,1.100000023841858,1.100000023841858,1.100000023841858
31-10-2014,1.100000023841858,1.100000023841858,0,1.100000023841858,1.100000023841858,1.100000023841858
03-11-2014,1.100000023841858,1.100000023841858,0,1.100000023841858,1.100000023841858,1.100000023841858
04-11-2014,1.100000023841858,1.100000023841858,0,1.100000023841858,1.100000023841858,1.100000023841858
05-11-2014,1.0,1.0,0,1.0,1.0,1.0
06-11-2014,1.2000000476837158,1.2000000476837158,2400,1.2000000476837158,1.2000000476837158,1.2000000476837158
07-11-2014,1.100000023841858,1.100000023841858,500,1.100000023841858,1.100000023841858,1.100000023841858
10-11-2014,1.100000023841858,1.2000000476837158,400,1.2000000476837158,1.2000000476837158,1.2000000476837158
11-11-2014,1.2000000476837158,1.2000000476837158,0,1.2000000476837158,1.2000000476837158,1.2000000476837158
12-11-2014,1.2000000476837158,1.2000000476837158,900,1.2000000476837158,1.2000000476837158,1.2000000476837158
13-11-2014,1.2000000476837158,1.2000000476837158,200,1.2000000476837158,1.2000000476837158,1.2000000476837158
14-11-2014,1.100000023841858,1.100000023841858,300,1.2000000476837158,1.2000000476837158,1.2000000476837158
17-11-2014,1.2000000476837158,1.2999999523162842,4100,2.0,1.399999976158142,1.399999976158142
18-11-2014,1.100000023841858,1.100000023841858,1000,1.600000023841858,1.2999999523162842,1.2999999523162842
19-11-2014,1.2999999523162842,1.2999999523162842,0,1.2999999523162842,1.2999999523162842,1.2999999523162842
20-11-2014,1.2999999523162842,1.2999999523162842,0,1.2999999523162842,1.2999999523162842,1.2999999523162842
21-11-2014,1.100000023841858,1.100000023841858,1400,1.100000023841858,1.100000023841858,1.100000023841858
24-11-2014,1.100000023841858,1.100000023841858,0,1.100000023841858,1.100000023841858,1.100000023841858
25-11-2014,1.0,1.100000023841858,1200,1.899999976158142,1.899999976158142,1.899999976158142
26-11-2014,1.899999976158142,1.899999976158142,0,1.899999976158142,1.899999976158142,1.899999976158142
28-11-2014,1.100000023841858,1.100000023841858,200,1.100000023841858,1.100000023841858,1.100000023841858
01-12-2014,1.0,1.2000000476837158,1300,1.899999976158142,1.7999999523162842,1.7999999523162842
02-12-2014,1.7999999523162842,1.7999999523162842,0,1.7999999523162842,1.7999999523162842,1.7999999523162842
03-12-2014,1.2000000476837158,1.2000000476837158,1000,1.2000000476837158,1.2000000476837158,1.2000000476837158
04-12-2014,1.2000000476837158,1.2000000476837158,500,1.2000000476837158,1.2000000476837158,1.2000000476837158
05-12-2014,1.2000000476837158,1.2000000476837158,500,1.2000000476837158,1.2000000476837158,1.2000000476837158
08-12-2014,1.2000000476837158,1.2000000476837158,200,1.5,1.5,1.5
09-12-2014,1.2000000476837158,1.2000000476837158,700,1.2000000476837158,1.2000000476837158,1.2000000476837158
10-12-2014,1.5,1.5,100,1.5,1.5,1.5
11-12-2014,1.0,1.0,1700,1.7999999523162842,1.7999999523162842,1.7999999523162842
12-12-2014,1.5,1.5,2200,1.5,1.5,1.5
15-12-2014,1.100000023841858,1.100000023841858,600,1.7999999523162842,1.7999999523162842,1.7999999523162842
16-12-2014,1.0,1.7000000476837158,400,1.7000000476837158,1.0,1.0
17-12-2014,1.100000023841858,1.100000023841858,1000,1.7999999523162842,1.7999999523162842,1.7999999523162842
18-12-2014,1.7999999523162842,1.7999999523162842,0,1.7999999523162842,1.7999999523162842,1.7999999523162842
19-12-2014,1.7999999523162842,1.7999999523162842,0,1.7999999523162842,1.7999999523162842,1.7999999523162842
22-12-2014,1.2999999523162842,1.2999999523162842,400,1.2999999523162842,1.2999999523162842,1.2999999523162842
23-12-2014,1.2999999523162842,1.2999999523162842,0,1.2999999523162842,1.2999999523162842,1.2999999523162842
24-12-2014,1.5,1.5,0,1.5,1.5,1.5
26-12-2014,1.5,1.5,500,1.5,1.5,1.5
29-12-2014,1.2999999523162842,1.5,2400,1.5,1.5,1.5
30-12-2014,1.5,1.5,1900,1.5,1.5,1.5
31-12-2014,1.7000000476837158,1.7000000476837158,0,1.7000000476837158,1.7000000476837158,1.7000000476837158
02-01-2015,1.0,1.7999999523162842,700,1.7999999523162842,1.7999999523162842,1.7999999523162842
05-01-2015,1.0,1.7999999523162842,600,1.7999999523162842,1.7999999523162842,1.7999999523162842
06-01-2015,1.0,1.0,1100,1.0,1.0,1.0
07-01-2015,1.100000023841858,1.100000023841858,900,1.7999999523162842,1.7999999523162842,1.7999999523162842
08-01-2015,1.7999999523162842,1.7999999523162842,4500,1.7999999523162842,1.7999999523162842,1.7999999523162842
09-01-2015,1.0,1.0,0,1.0,1.0,1.0
12-01-2015,1.0,1.0,0,1.0,1.0,1.0
13-01-2015,1.100000023841858,1.100000023841858,500,1.899999976158142,1.899999976158142,1.899999976158142
14-01-2015,1.899999976158142,1.899999976158142,0,1.899999976158142,1.899999976158142,1.899999976158142
15-01-2015,1.899999976158142,1.899999976158142,0,1.899999976158142,1.899999976158142,1.899999976158142
16-01-2015,1.100000023841858,1.100000023841858,1000,1.100000023841858,1.100000023841858,1.100000023841858
20-01-2015,1.2000000476837158,1.2000000476837158,300,1.2000000476837158,1.2000000476837158,1.2000000476837158
21-01-2015,1.2000000476837158,1.2000000476837158,0,1.2000000476837158,1.2000000476837158,1.2000000476837158
22-01-2015,1.2000000476837158,1.2000000476837158,1900,1.2999999523162842,1.2999999523162842,1.2999999523162842
23-01-2015,1.100000023841858,1.2000000476837158,5000,1.2000000476837158,1.2000000476837158,1.2000000476837158
26-01-2015,0.6000000238418579,1.0,24000,1.0,0.6000000238418579,0.6000000238418579
27-01-2015,0.5,0.800000011920929,7400,0.800000011920929,0.699999988079071,0.699999988079071
28-01-2015,0.6000000238418579,0.6000000238418579,3000,0.800000011920929,0.800000011920929,0.800000011920929
29-01-2015,0.699999988079071,0.699999988079071,1400,0.8999999761581421,0.8999999761581421,0.8999999761581421
30-01-2015,1.5,1.5,100,1.5,1.5,1.5
02-02-2015,1.0,1.5,900,1.5,1.0,1.0
03-02-2015,0.5,0.5,200,1.0,1.0,1.0
04-02-2015,1.0,1.0,0,1.0,1.0,1.0
05-02-2015,1.0,1.0,500,1.100000023841858,1.100000023841858,1.100000023841858
06-02-2015,0.699999988079071,1.100000023841858,1200,1.100000023841858,0.699999988079071,0.699999988079071
09-02-2015,1.100000023841858,1.100000023841858,200,1.100000023841858,1.100000023841858,1.100000023841858
10-02-2015,0.8999999761581421,1.100000023841858,2000,1.100000023841858,0.8999999761581421,0.8999999761581421
11-02-2015,0.8999999761581421,0.8999999761581421,0,0.8999999761581421,0.8999999761581421,0.8999999761581421
12-02-2015,0.699999988079071,0.800000011920929,2300,0.800000011920929,0.699999988079071,0.699999988079071
13-02-2015,0.6000000238418579,1.399999976158142,200,1.399999976158142,0.6000000238418579,0.6000000238418579
17-02-2015,0.6000000238418579,0.6000000238418579,2000,0.6000000238418579,0.6000000238418579,0.6000000238418579
18-02-2015,0.5,0.5,3100,0.6000000238418579,0.6000000238418579,0.6000000238418579
19-02-2015,0.6000000238418579,0.6000000238418579,3600,0.6000000238418579,0.6000000238418579,0.6000000238418579
20-02-2015,0.5,0.5,7000,0.699999988079071,0.5,0.5
23-02-2015,0.4000000059604645,0.699999988079071,4600,0.699999988079071,0.5,0.5
24-02-2015,0.6000000238418579,0.6000000238418579,1400,0.6000000238418579,0.6000000238418579,0.6000000238418579
25-02-2015,0.6000000238418579,0.6000000238418579,2400,0.6000000238418579,0.6000000238418579,0.6000000238418579
26-02-2015,0.6000000238418579,0.699999988079071,500,0.699999988079071,0.6000000238418579,0.6000000238418579
27-02-2015,0.6000000238418579,0.699999988079071,4200,0.699999988079071,0.699999988079071,0.699999988079071
02-03-2015,0.6000000238418579,0.6000000238418579,1500,0.6000000238418579,0.6000000238418579,0.6000000238418579
03-03-2015,0.6000000238418579,0.6000000238418579,2100,0.6000000238418579,0.6000000238418579,0.6000000238418579
04-03-2015,0.6000000238418579,0.6000000238418579,13600,0.6000000238418579,0.6000000238418579,0.6000000238418579
05-03-2015,0.6000000238418579,0.6000000238418579,0,0.6000000238418579,0.6000000238418579,0.6000000238418579
06-03-2015,0.6000000238418579,0.6000000238418579,1300,0.699999988079071,0.699999988079071,0.699999988079071
09-03-2015,0.6000000238418579,0.6000000238418579,200,0.6000000238418579,0.6000000238418579,0.6000000238418579
10-03-2015,0.6000000238418579,0.6000000238418579,1200,0.6000000238418579,0.6000000238418579,0.6000000238418579
11-03-2015,0.6000000238418579,0.6000000238418579,0,0.6000000238418579,0.6000000238418579,0.6000000238418579
12-03-2015,0.5,0.5,3700,0.5,0.5,0.5
13-03-2015,0.30000001192092896,0.30000001192092896,4400,0.4000000059604645,0.4000000059604645,0.4000000059604645
16-03-2015,0.4000000059604645,0.4000000059604645,3100,0.4000000059604645,0.4000000059604645,0.4000000059604645
17-03-2015,0.30000001192092896,0.4000000059604645,10600,0.4000000059604645,0.30000001192092896,0.30000001192092896
18-03-2015,0.30000001192092896,0.30000001192092896,0,0.30000001192092896,0.30000001192092896,0.30000001192092896
19-03-2015,0.30000001192092896,0.30000001192092896,0,0.30000001192092896,0.30000001192092896,0.30000001192092896
20-03-2015,0.4000000059604645,0.4000000059604645,2600,0.4000000059604645,0.4000000059604645,0.4000000059604645
23-03-2015,0.4000000059604645,0.4000000059604645,100,0.4000000059604645,0.4000000059604645,0.4000000059604645
24-03-2015,0.30000001192092896,0.4000000059604645,4000,0.4000000059604645,0.30000001192092896,0.30000001192092896
25-03-2015,0.4000000059604645,0.4000000059604645,1000,0.4000000059604645,0.4000000059604645,0.4000000059604645
26-03-2015,0.30000001192092896,0.4000000059604645,19200,0.4000000059604645,0.30000001192092896,0.30000001192092896
27-03-2015,0.30000001192092896,0.30000001192092896,200,0.30000001192092896,0.30000001192092896,0.30000001192092896
30-03-2015,0.30000001192092896,0.30000001192092896,500,0.30000001192092896,0.30000001192092896,0.30000001192092896
31-03-2015,0.30000001192092896,0.30000001192092896,400,0.30000001192092896,0.30000001192092896,0.30000001192092896
01-04-2015,0.30000001192092896,0.30000001192092896,8100,0.30000001192092896,0.30000001192092896,0.30000001192092896
02-04-2015,0.30000001192092896,0.30000001192092896,0,0.30000001192092896,0.30000001192092896,0.30000001192092896
06-04-2015,0.20000000298023224,0.30000001192092896,9200,0.30000001192092896,0.30000001192092896,0.30000001192092896
07-04-2015,0.20000000298023224,0.20000000298023224,1500,0.20000000298023224,0.20000000298023224,0.20000000298023224
08-04-2015,0.30000001192092896,0.30000001192092896,500,0.30000001192092896,0.30000001192092896,0.30000001192092896
09-04-2015,0.30000001192092896,0.30000001192092896,200,0.30000001192092896,0.30000001192092896,0.30000001192092896
10-04-2015,0.20000000298023224,0.20000000298023224,2500,0.30000001192092896,0.30000001192092896,0.30000001192092896
13-04-2015,0.30000001192092896,0.30000001192092896,2700,0.30000001192092896,0.30000001192092896,0.30000001192092896
14-04-2015,0.30000001192092896,0.30000001192092896,3400,0.30000001192092896,0.30000001192092896,0.30000001192092896
15-04-2015,0.30000001192092896,0.30000001192092896,200,0.30000001192092896,0.30000001192092896,0.30000001192092896
16-04-2015,0.20000000298023224,0.20000000298023224,4300,0.20000000298023224,0.20000000298023224,0.20000000298023224
17-04-2015,0.20000000298023224,0.20000000298023224,11500,0.30000001192092896,0.30000001192092896,0.30000001192092896
20-04-2015,0.30000001192092896,0.30000001192092896,15800,0.30000001192092896,0.30000001192092896,0.30000001192092896
21-04-2015,0.30000001192092896,0.30000001192092896,3700,0.4000000059604645,0.4000000059604645,0.4000000059604645
22-04-2015,0.5,0.5,1000,0.5,0.5,0.5
23-04-2015,0.30000001192092896,0.30000001192092896,3200,0.30000001192092896,0.30000001192092896,0.30000001192092896
24-04-2015,0.5,0.5,200,0.5,0.5,0.5
27-04-2015,0.4000000059604645,0.5,21400,0.5,0.5,0.5
28-04-2015,0.5,0.5,1000,0.5,0.5,0.5
29-04-2015,0.5,0.5,0,0.5,0.5,0.5
30-04-2015,0.5,0.5,0,0.5,0.5,0.5
01-05-2015,0.5,0.5,0,0.5,0.5,0.5
04-05-2015,0.30000001192092896,0.30000001192092896,200,0.5,0.5,0.5
05-05-2015,0.5,0.5,0,0.5,0.5,0.5
06-05-2015,0.30000001192092896,0.30000001192092896,23400,0.30000001192092896,0.30000001192092896,0.30000001192092896
07-05-2015,0.30000001192092896,0.30000001192092896,10800,0.30000001192092896,0.30000001192092896,0.30000001192092896
08-05-2015,0.30000001192092896,0.30000001192092896,39200,0.30000001192092896,0.30000001192092896,0.30000001192092896
11-05-2015,0.20000000298023224,0.30000001192092896,6200,0.30000001192092896,0.30000001192092896,0.30000001192092896
12-05-2015,0.20000000298023224,0.30000001192092896,25200,0.30000001192092896,0.20000000298023224,0.20000000298023224
13-05-2015,0.30000001192092896,0.30000001192092896,1300,0.30000001192092896,0.30000001192092896,0.30000001192092896
14-05-2015,0.30000001192092896,0.30000001192092896,500,0.30000001192092896,0.30000001192092896,0.30000001192092896
15-05-2015,0.30000001192092896,0.30000001192092896,0,0.30000001192092896,0.30000001192092896,0.30000001192092896
18-05-2015,0.20000000298023224,0.30000001192092896,16800,0.30000001192092896,0.30000001192092896,0.30000001192092896
19-05-2015,0.20000000298023224,0.30000001192092896,3500,0.30000001192092896,0.20000000298023224,0.20000000298023224
20-05-2015,0.20000000298023224,0.20000000298023224,500,0.20000000298023224,0.20000000298023224,0.20000000298023224
21-05-2015,0.20000000298023224,0.20000000298023224,0,0.20000000298023224,0.20000000298023224,0.20000000298023224
22-05-2015,0.20000000298023224,0.20000000298023224,1300,0.20000000298023224,0.20000000298023224,0.20000000298023224
26-05-2015,0.20000000298023224,0.20000000298023224,900,0.20000000298023224,0.20000000298023224,0.20000000298023224
27-05-2015,0.20000000298023224,0.20000000298023224,11200,0.20000000298023224,0.20000000298023224,0.20000000298023224
28-05-2015,0.20000000298023224,0.20000000298023224,1000,0.20000000298023224,0.20000000298023224,0.20000000298023224
29-05-2015,0.20000000298023224,0.30000001192092896,3500,0.30000001192092896,0.30000001192092896,0.30000001192092896
01-06-2015,0.30000001192092896,0.30000001192092896,2100,0.30000001192092896,0.30000001192092896,0.30000001192092896
02-06-2015,0.20000000298023224,0.30000001192092896,1700,0.30000001192092896,0.30000001192092896,0.30000001192092896
03-06-2015,0.30000001192092896,0.30000001192092896,6000,0.30000001192092896,0.30000001192092896,0.30000001192092896
04-06-2015,0.30000001192092896,0.30000001192092896,0,0.30000001192092896,0.30000001192092896,0.30000001192092896
05-06-2015,0.30000001192092896,0.30000001192092896,2000,0.30000001192092896,0.30000001192092896,0.30000001192092896
08-06-2015,0.30000001192092896,0.30000001192092896,1000,0.30000001192092896,0.30000001192092896,0.30000001192092896
09-06-2015,0.30000001192092896,0.30000001192092896,0,0.30000001192092896,0.30000001192092896,0.30000001192092896
10-06-2015,0.30000001192092896,0.30000001192092896,8500,0.5,0.5,0.5
11-06-2015,0.5,0.5,6500,0.6000000238418579,0.6000000238418579,0.6000000238418579
12-06-2015,0.6000000238418579,0.699999988079071,19000,1.0,0.8999999761581421,0.8999999761581421
15-06-2015,1.0,1.0,6700,1.2000000476837158,1.2000000476837158,1.2000000476837158
16-06-2015,1.2000000476837158,1.2999999523162842,6900,1.2999999523162842,1.2000000476837158,1.2000000476837158
17-06-2015,1.0,1.2999999523162842,27600,2.0,1.0,1.0
18-06-2015,0.8999999761581421,1.0,1700,1.0,1.0,1.0
19-06-2015,1.0,1.0,3300,1.0,1.0,1.0
22-06-2015,0.8999999761581421,1.0,3200,1.0,0.8999999761581421,0.8999999761581421
23-06-2015,1.0,1.0,2000,1.0,1.0,1.0
24-06-2015,0.699999988079071,1.100000023841858,6200,1.100000023841858,1.100000023841858,1.100000023841858
25-06-2015,1.0,1.100000023841858,2700,1.100000023841858,1.0,1.0
26-06-2015,1.0,1.0,0,1.0,1.0,1.0
29-06-2015,1.0,1.0,100,1.0,1.0,1.0
30-06-2015,0.8999999761581421,0.8999999761581421,6000,1.100000023841858,1.100000023841858,1.100000023841858
01-07-2015,0.8999999761581421,1.100000023841858,800,1.100000023841858,1.100000023841858,1.100000023841858
02-07-2015,0.8999999761581421,1.100000023841858,1300,1.100000023841858,0.8999999761581421,0.8999999761581421
06-07-2015,0.800000011920929,0.800000011920929,2600,0.800000011920929,0.800000011920929,0.800000011920929
07-07-2015,0.800000011920929,0.800000011920929,1000,0.800000011920929,0.800000011920929,0.800000011920929
08-07-2015,0.800000011920929,0.800000011920929,2000,0.800000011920929,0.800000011920929,0.800000011920929
09-07-2015,0.800000011920929,0.800000011920929,1700,0.800000011920929,0.800000011920929,0.800000011920929
10-07-2015,0.800000011920929,0.800000011920929,0,0.800000011920929,0.800000011920929,0.800000011920929
13-07-2015,0.800000011920929,0.800000011920929,1700,0.800000011920929,0.800000011920929,0.800000011920929
14-07-2015,0.8999999761581421,0.8999999761581421,100,0.8999999761581421,0.8999999761581421,0.8999999761581421
15-07-2015,0.800000011920929,0.8999999761581421,5000,0.8999999761581421,0.800000011920929,0.800000011920929
16-07-2015,0.8999999761581421,0.8999999761581421,1100,0.8999999761581421,0.8999999761581421,0.8999999761581421
17-07-2015,0.800000011920929,0.800000011920929,2700,0.8999999761581421,0.800000011920929,0.800000011920929
20-07-2015,0.800000011920929,0.8999999761581421,56200,0.8999999761581421,0.800000011920929,0.800000011920929
21-07-2015,0.699999988079071,0.800000011920929,20500,0.8999999761581421,0.800000011920929,0.800000011920929
22-07-2015,0.6000000238418579,0.699999988079071,9400,0.699999988079071,0.6000000238418579,0.6000000238418579
23-07-2015,0.5,0.6000000238418579,7600,0.6000000238418579,0.5,0.5
24-07-2015,0.5,0.5,0,0.5,0.5,0.5
27-07-2015,0.5,0.5,0,0.5,0.5,0.5
28-07-2015,0.4000000059604645,0.5,15600,0.5,0.4000000059604645,0.4000000059604645
29-07-2015,0.4000000059604645,0.4000000059604645,0,0.4000000059604645,0.4000000059604645,0.4000000059604645
30-07-2015,0.4000000059604645,0.4000000059604645,1900,0.4000000059604645,0.4000000059604645,0.4000000059604645
31-07-2015,0.5,0.5,1000,0.5,0.5,0.5
03-08-2015,0.5,0.5,0,0.5,0.5,0.5
04-08-2015,0.4000000059604645,0.4000000059604645,5600,0.4000000059604645,0.4000000059604645,0.4000000059604645
05-08-2015,0.4000000059604645,0.4000000059604645,0,0.4000000059604645,0.4000000059604645,0.4000000059604645
06-08-2015,0.30000001192092896,0.30000001192092896,4500,0.4000000059604645,0.4000000059604645,0.4000000059604645
07-08-2015,0.30000001192092896,0.30000001192092896,134100,0.30000001192092896,0.30000001192092896,0.30000001192092896
10-08-2015,0.30000001192092896,0.4000000059604645,44400,0.4000000059604645,0.30000001192092896,0.30000001192092896
11-08-2015,0.5,0.699999988079071,700,0.699999988079071,0.5,0.5
12-08-2015,0.4000000059604645,0.4000000059604645,100,0.4000000059604645,0.4000000059604645,0.4000000059604645
13-08-2015,0.4000000059604645,0.4000000059604645,0,0.4000000059604645,0.4000000059604645,0.4000000059604645
14-08-2015,0.30000001192092896,0.30000001192092896,11600,0.4000000059604645,0.30000001192092896,0.30000001192092896
17-08-2015,0.30000001192092896,0.4000000059604645,2000,0.4000000059604645,0.30000001192092896,0.30000001192092896
18-08-2015,0.30000001192092896,0.30000001192092896,2200,0.30000001192092896,0.30000001192092896,0.30000001192092896
19-08-2015,0.30000001192092896,0.30000001192092896,2000,0.30000001192092896,0.30000001192092896,0.30000001192092896
20-08-2015,0.30000001192092896,0.30000001192092896,6400,0.30000001192092896,0.30000001192092896,0.30000001192092896
21-08-2015,0.20000000298023224,0.30000001192092896,7900,0.30000001192092896,0.30000001192092896,0.30000001192092896
24-08-2015,0.20000000298023224,0.30000001192092896,24200,0.30000001192092896,0.20000000298023224,0.20000000298023224
25-08-2015,0.20000000298023224,0.20000000298023224,2800,0.20000000298023224,0.20000000298023224,0.20000000298023224
26-08-2015,0.20000000298023224,0.20000000298023224,900,0.20000000298023224,0.20000000298023224,0.20000000298023224
27-08-2015,0.20000000298023224,0.20000000298023224,1200,0.20000000298023224,0.20000000298023224,0.20000000298023224
28-08-2015,0.20000000298023224,0.20000000298023224,0,0.20000000298023224,0.20000000298023224,0.20000000298023224
31-08-2015,0.20000000298023224,0.20000000298023224,0,0.20000000298023224,0.20000000298023224,0.20000000298023224
01-09-2015,0.20000000298023224,0.20000000298023224,0,0.20000000298023224,0.20000000298023224,0.20000000298023224
02-09-2015,0.23000000417232513,0.23000000417232513,400,0.23000000417232513,0.23000000417232513,0.23000000417232513
03-09-2015,0.23000000417232513,0.23000000417232513,2000,0.23000000417232513,0.23000000417232513,0.23000000417232513
04-09-2015,0.23000000417232513,0.23000000417232513,0,0.23000000417232513,0.23000000417232513,0.23000000417232513
08-09-2015,0.20000000298023224,0.20000000298023224,10800,0.20000000298023224,0.20000000298023224,0.20000000298023224
09-09-2015,0.20000000298023224,0.20000000298023224,0,0.20000000298023224,0.20000000298023224,0.20000000298023224
10-09-2015,0.20000000298023224,0.20000000298023224,0,0.20000000298023224,0.20000000298023224,0.20000000298023224
11-09-2015,0.20000000298023224,0.20000000298023224,0,0.20000000298023224,0.20000000298023224,0.20000000298023224
14-09-2015,0.25,0.25,11500,0.25,0.25,0.25
15-09-2015,0.15000000596046448,0.15000000596046448,900,0.15000000596046448,0.15000000596046448,0.15000000596046448
16-09-2015,0.20000000298023224,0.20000000298023224,3900,0.20000000298023224,0.20000000298023224,0.20000000298023224
17-09-2015,0.20000000298023224,0.20000000298023224,0,0.20000000298023224,0.20000000298023224,0.20000000298023224
18-09-2015,0.10000000149011612,0.10000000149011612,1100,0.10000000149011612,0.10000000149011612,0.10000000149011612
21-09-2015,0.10000000149011612,0.10000000149011612,0,0.10000000149011612,0.10000000149011612,0.10000000149011612
22-09-2015,0.10000000149011612,0.10000000149011612,0,0.10000000149011612,0.10000000149011612,0.10000000149011612
23-09-2015,0.10999999940395355,0.10999999940395355,11800,0.15000000596046448,0.15000000596046448,0.15000000596046448
24-09-2015,0.10000000149011612,0.10999999940395355,45100,0.10999999940395355,0.10000000149011612,0.10000000149011612
25-09-2015,0.10000000149011612,0.10000000149011612,0,0.10000000149011612,0.10000000149011612,0.10000000149011612
28-09-2015,0.10000000149011612,0.12999999523162842,10200,0.12999999523162842,0.10000000149011612,0.10000000149011612
29-09-2015,0.10000000149011612,0.10000000149011612,0,0.10000000149011612,0.10000000149011612,0.10000000149011612
30-09-2015,0.10000000149011612,0.10000000149011612,0,0.10000000149011612,0.10000000149011612,0.10000000149011612
01-10-2015,0.03999999910593033,0.03999999910593033,500,0.03999999910593033,0.03999999910593033,0.03999999910593033
02-10-2015,0.10000000149011612,0.10000000149011612,1000,0.10000000149011612,0.10000000149011612,0.10000000149011612
05-10-2015,0.10000000149011612,0.10000000149011612,0,0.10000000149011612,0.10000000149011612,0.10000000149011612
06-10-2015,0.10000000149011612,0.10000000149011612,0,0.10000000149011612,0.10000000149011612,0.10000000149011612
07-10-2015,0.10000000149011612,0.10000000149011612,19000,0.11999999731779099,0.10000000149011612,0.10000000149011612
08-10-2015,0.14000000059604645,0.14000000059604645,600,0.14000000059604645,0.14000000059604645,0.14000000059604645
09-10-2015,0.14000000059604645,0.14000000059604645,0,0.14000000059604645,0.14000000059604645,0.14000000059604645
12-10-2015,0.14000000059604645,0.14000000059604645,0,0.14000000059604645,0.14000000059604645,0.14000000059604645
13-10-2015,0.14000000059604645,0.14000000059604645,0,0.14000000059604645,0.14000000059604645,0.14000000059604645
14-10-2015,0.14000000059604645,0.14000000059604645,0,0.14000000059604645,0.14000000059604645,0.14000000059604645
15-10-2015,0.14000000059604645,0.14000000059604645,0,0.14000000059604645,0.14000000059604645,0.14000000059604645
16-10-2015,0.14000000059604645,0.14000000059604645,0,0.14000000059604645,0.14000000059604645,0.14000000059604645
19-10-2015,0.14000000059604645,0.14000000059604645,0,0.14000000059604645,0.14000000059604645,0.14000000059604645
20-10-2015,0.14000000059604645,0.14000000059604645,0,0.14000000059604645,0.14000000059604645,0.14000000059604645
21-10-2015,0.20000000298023224,0.20000000298023224,300,0.20000000298023224,0.20000000298023224,0.20000000298023224
22-10-2015,0.17000000178813934,0.17000000178813934,800,0.17000000178813934,0.17000000178813934,0.17000000178813934
23-10-2015,0.17000000178813934,0.17000000178813934,0,0.17000000178813934,0.17000000178813934,0.17000000178813934
26-10-2015,0.07999999821186066,0.07999999821186066,30500,0.10999999940395355,0.07999999821186066,0.07999999821186066
27-10-2015,0.07999999821186066,0.07999999821186066,0,0.07999999821186066,0.07999999821186066,0.07999999821186066
28-10-2015,0.07999999821186066,0.07999999821186066,0,0.07999999821186066,0.07999999821186066,0.07999999821186066
29-10-2015,0.07999999821186066,0.07999999821186066,0,0.07999999821186066,0.07999999821186066,0.07999999821186066
30-10-2015,0.07999999821186066,0.07999999821186066,3300,0.07999999821186066,0.07999999821186066,0.07999999821186066
02-11-2015,0.10000000149011612,0.10000000149011612,3000,0.10000000149011612,0.10000000149011612,0.10000000149011612
03-11-2015,0.10000000149011612,0.10000000149011612,11500,0.10000000149011612,0.10000000149011612,0.10000000149011612
04-11-2015,0.10000000149011612,0.10000000149011612,3200,0.25,0.25,0.25
05-11-2015,0.1599999964237213,0.1599999964237213,300,0.1599999964237213,0.1599999964237213,0.1599999964237213
06-11-2015,0.1599999964237213,0.1599999964237213,0,0.1599999964237213,0.1599999964237213,0.1599999964237213
09-11-2015,0.1599999964237213,0.1599999964237213,0,0.1599999964237213,0.1599999964237213,0.1599999964237213
10-11-2015,0.1599999964237213,0.1599999964237213,0,0.1599999964237213,0.1599999964237213,0.1599999964237213
11-11-2015,0.15000000596046448,0.15000000596046448,18300,0.20000000298023224,0.15000000596046448,0.15000000596046448
12-11-2015,0.15000000596046448,0.15000000596046448,0,0.15000000596046448,0.15000000596046448,0.15000000596046448
13-11-2015,0.10000000149011612,0.10000000149011612,600,0.10000000149011612,0.10000000149011612,0.10000000149011612
16-11-2015,0.10000000149011612,0.10000000149011612,0,0.10000000149011612,0.10000000149011612,0.10000000149011612
17-11-2015,0.09000000357627869,0.10000000149011612,83900,0.10000000149011612,0.09000000357627869,0.09000000357627869
18-11-2015,0.07999999821186066,0.07999999821186066,8800,0.07999999821186066,0.07999999821186066,0.07999999821186066
19-11-2015,0.07999999821186066,0.07999999821186066,0,0.07999999821186066,0.07999999821186066,0.07999999821186066
20-11-2015,0.07999999821186066,0.07999999821186066,7500,0.07999999821186066,0.07999999821186066,0.07999999821186066
23-11-2015,0.07999999821186066,0.07999999821186066,0,0.07999999821186066,0.07999999821186066,0.07999999821186066
24-11-2015,0.07999999821186066,0.07999999821186066,7500,0.07999999821186066,0.07999999821186066,0.07999999821186066
25-11-2015,0.07999999821186066,0.07999999821186066,0,0.07999999821186066,0.07999999821186066,0.07999999821186066
27-11-2015,0.10000000149011612,0.10000000149011612,1000,0.10000000149011612,0.10000000149011612,0.10000000149011612
30-11-2015,0.10000000149011612,0.10000000149011612,9000,0.10000000149011612,0.10000000149011612,0.10000000149011612
01-12-2015,0.10000000149011612,0.10000000149011612,0,0.10000000149011612,0.10000000149011612,0.10000000149011612
02-12-2015,0.10000000149011612,0.10000000149011612,0,0.10000000149011612,0.10000000149011612,0.10000000149011612
03-12-2015,0.07999999821186066,0.07999999821186066,13900,0.10000000149011612,0.10000000149011612,0.10000000149011612
04-12-2015,0.10000000149011612,0.10000000149011612,0,0.10000000149011612,0.10000000149011612,0.10000000149011612
07-12-2015,0.10000000149011612,0.10000000149011612,0,0.10000000149011612,0.10000000149011612,0.10000000149011612
08-12-2015,0.10000000149011612,0.10000000149011612,0,0.10000000149011612,0.10000000149011612,0.10000000149011612
09-12-2015,0.10000000149011612,0.10000000149011612,0,0.10000000149011612,0.10000000149011612,0.10000000149011612
10-12-2015,0.10000000149011612,0.10000000149011612,6700,0.10000000149011612,0.10000000149011612,0.10000000149011612
11-12-2015,0.10000000149011612,0.10000000149011612,0,0.10000000149011612,0.10000000149011612,0.10000000149011612
14-12-2015,0.10000000149011612,0.10000000149011612,0,0.10000000149011612,0.10000000149011612,0.10000000149011612
15-12-2015,0.10000000149011612,0.10000000149011612,0,0.10000000149011612,0.10000000149011612,0.10000000149011612
16-12-2015,0.09000000357627869,0.09000000357627869,21700,0.10000000149011612,0.09000000357627869,0.09000000357627869
17-12-2015,0.09000000357627869,0.09000000357627869,0,0.09000000357627869,0.09000000357627869,0.09000000357627869
18-12-2015,0.09000000357627869,0.09000000357627869,0,0.09000000357627869,0.09000000357627869,0.09000000357627869
21-12-2015,0.09000000357627869,0.09000000357627869,0,0.09000000357627869,0.09000000357627869,0.09000000357627869
22-12-2015,0.09000000357627869,0.09000000357627869,0,0.09000000357627869,0.09000000357627869,0.09000000357627869
23-12-2015,0.09000000357627869,0.09000000357627869,0,0.09000000357627869,0.09000000357627869,0.09000000357627869
24-12-2015,0.10999999940395355,0.10999999940395355,2600,0.10999999940395355,0.10999999940395355,0.10999999940395355
28-12-2015,0.10000000149011612,0.10999999940395355,5300,0.10999999940395355,0.10000000149011612,0.10000000149011612
29-12-2015,0.10999999940395355,0.10999999940395355,800,0.10999999940395355,0.10999999940395355,0.10999999940395355
30-12-2015,0.07999999821186066,0.07999999821186066,1000,0.07999999821186066,0.07999999821186066,0.07999999821186066
31-12-2015,0.07999999821186066,0.07999999821186066,16400,0.07999999821186066,0.07999999821186066,0.07999999821186066
04-01-2016,0.07999999821186066,0.07999999821186066,14200,0.07999999821186066,0.07999999821186066,0.07999999821186066
05-01-2016,0.07999999821186066,0.07999999821186066,0,0.07999999821186066,0.07999999821186066,0.07999999821186066
06-01-2016,0.07999999821186066,0.07999999821186066,0,0.07999999821186066,0.07999999821186066,0.07999999821186066
07-01-2016,0.09000000357627869,0.09000000357627869,9500,0.10999999940395355,0.10999999940395355,0.10999999940395355
08-01-2016,0.09000000357627869,0.09000000357627869,2500,0.09000000357627869,0.09000000357627869,0.09000000357627869
11-01-2016,0.09000000357627869,0.09000000357627869,0,0.09000000357627869,0.09000000357627869,0.09000000357627869
12-01-2016,0.09000000357627869,0.09000000357627869,22500,0.10000000149011612,0.10000000149011612,0.10000000149011612
13-01-2016,0.10000000149011612,0.10000000149011612,0,0.10000000149011612,0.10000000149011612,0.10000000149011612
14-01-2016,0.07999999821186066,0.07999999821186066,400,0.07999999821186066,0.07999999821186066,0.07999999821186066
15-01-2016,0.07999999821186066,0.07999999821186066,0,0.07999999821186066,0.07999999821186066,0.07999999821186066
19-01-2016,0.07999999821186066,0.07999999821186066,0,0.07999999821186066,0.07999999821186066,0.07999999821186066
20-01-2016,0.07999999821186066,0.07999999821186066,1000,0.07999999821186066,0.07999999821186066,0.07999999821186066
21-01-2016,0.07999999821186066,0.07999999821186066,2500,0.07999999821186066,0.07999999821186066,0.07999999821186066
22-01-2016,0.09000000357627869,0.09000000357627869,600,0.09000000357627869,0.09000000357627869,0.09000000357627869
25-01-2016,0.09000000357627869,0.09000000357627869,0,0.09000000357627869,0.09000000357627869,0.09000000357627869
26-01-2016,0.09000000357627869,0.09000000357627869,0,0.09000000357627869,0.09000000357627869,0.09000000357627869
27-01-2016,0.09000000357627869,0.09000000357627869,0,0.09000000357627869,0.09000000357627869,0.09000000357627869
28-01-2016,0.09000000357627869,0.09000000357627869,0,0.09000000357627869,0.09000000357627869,0.09000000357627869
29-01-2016,0.09000000357627869,0.09000000357627869,0,0.09000000357627869,0.09000000357627869,0.09000000357627869
01-02-2016,0.09000000357627869,0.09000000357627869,0,0.09000000357627869,0.09000000357627869,0.09000000357627869
02-02-2016,0.09000000357627869,0.09000000357627869,0,0.09000000357627869,0.09000000357627869,0.09000000357627869
03-02-2016,0.09000000357627869,0.09000000357627869,0,0.09000000357627869,0.09000000357627869,0.09000000357627869
04-02-2016,0.07999999821186066,0.09000000357627869,14800,0.09000000357627869,0.07999999821186066,0.07999999821186066
05-02-2016,0.10000000149011612,0.10000000149011612,500,0.10000000149011612,0.10000000149011612,0.10000000149011612
08-02-2016,0.10000000149011612,0.10000000149011612,0,0.10000000149011612,0.10000000149011612,0.10000000149011612
09-02-2016,0.07999999821186066,0.07999999821186066,16000,0.07999999821186066,0.07999999821186066,0.07999999821186066
10-02-2016,0.07999999821186066,0.07999999821186066,0,0.07999999821186066,0.07999999821186066,0.07999999821186066
11-02-2016,0.07999999821186066,0.07999999821186066,0,0.07999999821186066,0.07999999821186066,0.07999999821186066
12-02-2016,0.07999999821186066,0.07999999821186066,0,0.07999999821186066,0.07999999821186066,0.07999999821186066
16-02-2016,0.07999999821186066,0.07999999821186066,0,0.07999999821186066,0.07999999821186066,0.07999999821186066
17-02-2016,0.07999999821186066,0.07999999821186066,0,0.07999999821186066,0.07999999821186066,0.07999999821186066
18-02-2016,0.07999999821186066,0.07999999821186066,2000,0.07999999821186066,0.07999999821186066,0.07999999821186066
19-02-2016,0.07999999821186066,0.07999999821186066,0,0.07999999821186066,0.07999999821186066,0.07999999821186066
22-02-2016,0.07999999821186066,0.07999999821186066,6700,0.07999999821186066,0.07999999821186066,0.07999999821186066
23-02-2016,0.07999999821186066,0.07999999821186066,0,0.07999999821186066,0.07999999821186066,0.07999999821186066
24-02-2016,0.07999999821186066,0.07999999821186066,1000,0.07999999821186066,0.07999999821186066,0.07999999821186066
25-02-2016,0.07999999821186066,0.07999999821186066,0,0.07999999821186066,0.07999999821186066,0.07999999821186066
26-02-2016,0.07999999821186066,0.07999999821186066,0,0.07999999821186066,0.07999999821186066,0.07999999821186066
29-02-2016,0.07999999821186066,0.07999999821186066,0,0.07999999821186066,0.07999999821186066,0.07999999821186066
01-03-2016,0.10000000149011612,0.10000000149011612,2000,0.10000000149011612,0.10000000149011612,0.10000000149011612
02-03-2016,0.10000000149011612,0.10000000149011612,5000,0.10000000149011612,0.10000000149011612,0.10000000149011612
03-03-2016,0.10000000149011612,0.10000000149011612,0,0.10000000149011612,0.10000000149011612,0.10000000149011612
04-03-2016,0.10000000149011612,0.10000000149011612,0,0.10000000149011612,0.10000000149011612,0.10000000149011612
07-03-2016,0.10000000149011612,0.10000000149011612,0,0.10000000149011612,0.10000000149011612,0.10000000149011612
08-03-2016,0.10000000149011612,0.10000000149011612,0,0.10000000149011612,0.10000000149011612,0.10000000149011612
09-03-2016,0.10000000149011612,0.10000000149011612,0,0.10000000149011612,0.10000000149011612,0.10000000149011612
10-03-2016,0.10000000149011612,0.10000000149011612,0,0.10000000149011612,0.10000000149011612,0.10000000149011612
11-03-2016,0.10000000149011612,0.10000000149011612,0,0.10000000149011612,0.10000000149011612,0.10000000149011612
14-03-2016,0.10000000149011612,0.10000000149011612,0,0.10000000149011612,0.10000000149011612,0.10000000149011612
15-03-2016,0.10000000149011612,0.10000000149011612,0,0.10000000149011612,0.10000000149011612,0.10000000149011612
16-03-2016,0.09000000357627869,0.09000000357627869,3700,0.10000000149011612,0.10000000149011612,0.10000000149011612
17-03-2016,0.10000000149011612,0.10000000149011612,2500,0.10000000149011612,0.10000000149011612,0.10000000149011612
18-03-2016,0.09000000357627869,0.10000000149011612,10800,0.10000000149011612,0.10000000149011612,0.10000000149011612
21-03-2016,0.10000000149011612,0.10000000149011612,0,0.10000000149011612,0.10000000149011612,0.10000000149011612
22-03-2016,0.10000000149011612,0.10000000149011612,0,0.10000000149011612,0.10000000149011612,0.10000000149011612
23-03-2016,0.10000000149011612,0.10000000149011612,14900,0.10000000149011612,0.10000000149011612,0.10000000149011612
24-03-2016,0.10000000149011612,0.10000000149011612,0,0.10000000149011612,0.10000000149011612,0.10000000149011612
28-03-2016,0.10000000149011612,0.10000000149011612,600,0.10000000149011612,0.10000000149011612,0.10000000149011612
29-03-2016,0.10000000149011612,0.10000000149011612,0,0.10000000149011612,0.10000000149011612,0.10000000149011612
30-03-2016,0.10000000149011612,0.10000000149011612,3400,0.10000000149011612,0.10000000149011612,0.10000000149011612
31-03-2016,0.10000000149011612,0.10000000149011612,12500,0.10000000149011612,0.10000000149011612,0.10000000149011612
01-04-2016,0.09000000357627869,0.10000000149011612,23000,0.10000000149011612,0.09000000357627869,0.09000000357627869
04-04-2016,0.09000000357627869,0.09000000357627869,26700,0.09000000357627869,0.09000000357627869,0.09000000357627869
05-04-2016,0.07000000029802322,0.07000000029802322,3900,0.07000000029802322,0.07000000029802322,0.07000000029802322
06-04-2016,0.05999999865889549,0.05999999865889549,1100,0.05999999865889549,0.05999999865889549,0.05999999865889549
07-04-2016,0.05999999865889549,0.05999999865889549,0,0.05999999865889549,0.05999999865889549,0.05999999865889549
08-04-2016,0.05999999865889549,0.05999999865889549,0,0.05999999865889549,0.05999999865889549,0.05999999865889549
11-04-2016,0.05999999865889549,0.05999999865889549,0,0.05999999865889549,0.05999999865889549,0.05999999865889549
12-04-2016,0.05999999865889549,0.05999999865889549,0,0.05999999865889549,0.05999999865889549,0.05999999865889549
13-04-2016,0.05999999865889549,0.05999999865889549,0,0.05999999865889549,0.05999999865889549,0.05999999865889549
14-04-2016,0.05999999865889549,0.05999999865889549,0,0.05999999865889549,0.05999999865889549,0.05999999865889549
15-04-2016,0.05999999865889549,0.05999999865889549,0,0.05999999865889549,0.05999999865889549,0.05999999865889549
18-04-2016,0.05999999865889549,0.05999999865889549,0,0.05999999865889549,0.05999999865889549,0.05999999865889549
19-04-2016,0.05999999865889549,0.05999999865889549,0,0.05999999865889549,0.05999999865889549,0.05999999865889549
20-04-2016,0.03999999910593033,0.05999999865889549,31700,0.05999999865889549,0.05999999865889549,0.05999999865889549
21-04-2016,0.05999999865889549,0.05999999865889549,1000,0.05999999865889549,0.05999999865889549,0.05999999865889549
22-04-2016,0.03999999910593033,0.05999999865889549,21000,0.07000000029802322,0.03999999910593033,0.03999999910593033
25-04-2016,0.07000000029802322,0.07000000029802322,500,0.07000000029802322,0.07000000029802322,0.07000000029802322
26-04-2016,0.07000000029802322,0.07000000029802322,4000,0.07000000029802322,0.07000000029802322,0.07000000029802322
27-04-2016,0.07000000029802322,0.07000000029802322,0,0.07000000029802322,0.07000000029802322,0.07000000029802322
28-04-2016,0.07000000029802322,0.07000000029802322,0,0.07000000029802322,0.07000000029802322,0.07000000029802322
29-04-2016,0.07000000029802322,0.07000000029802322,500,0.07000000029802322,0.07000000029802322,0.07000000029802322
02-05-2016,0.07000000029802322,0.07000000029802322,0,0.07000000029802322,0.07000000029802322,0.07000000029802322
03-05-2016,0.07000000029802322,0.07000000029802322,0,0.07000000029802322,0.07000000029802322,0.07000000029802322
04-05-2016,0.03999999910593033,0.03999999910593033,600,0.03999999910593033,0.03999999910593033,0.03999999910593033
05-05-2016,0.03999999910593033,0.03999999910593033,900,0.03999999910593033,0.03999999910593033,0.03999999910593033
06-05-2016,0.03999999910593033,0.03999999910593033,0,0.03999999910593033,0.03999999910593033,0.03999999910593033
09-05-2016,0.05999999865889549,0.07000000029802322,500,0.07000000029802322,0.05999999865889549,0.05999999865889549
10-05-2016,0.05999999865889549,0.05999999865889549,3400,0.07000000029802322,0.07000000029802322,0.07000000029802322
11-05-2016,0.05999999865889549,0.05999999865889549,500,0.05999999865889549,0.05999999865889549,0.05999999865889549
12-05-2016,0.05999999865889549,0.05999999865889549,9500,0.07999999821186066,0.07999999821186066,0.07999999821186066
13-05-2016,0.07000000029802322,0.07000000029802322,800,0.07000000029802322,0.07000000029802322,0.07000000029802322
16-05-2016,0.07000000029802322,0.07000000029802322,0,0.07000000029802322,0.07000000029802322,0.07000000029802322
17-05-2016,0.03999999910593033,0.05000000074505806,12200,0.07000000029802322,0.07000000029802322,0.07000000029802322
18-05-2016,0.07000000029802322,0.07000000029802322,0,0.07000000029802322,0.07000000029802322,0.07000000029802322
19-05-2016,0.07000000029802322,0.07000000029802322,0,0.07000000029802322,0.07000000029802322,0.07000000029802322
20-05-2016,0.07000000029802322,0.07000000029802322,1000,0.07000000029802322,0.07000000029802322,0.07000000029802322
23-05-2016,0.07000000029802322,0.07000000029802322,0,0.07000000029802322,0.07000000029802322,0.07000000029802322
24-05-2016,0.07000000029802322,0.07000000029802322,0,0.07000000029802322,0.07000000029802322,0.07000000029802322
25-05-2016,0.07000000029802322,0.07000000029802322,0,0.07000000029802322,0.07000000029802322,0.07000000029802322
26-05-2016,0.07000000029802322,0.07000000029802322,0,0.07000000029802322,0.07000000029802322,0.07000000029802322
27-05-2016,0.03999999910593033,0.03999999910593033,300,0.03999999910593033,0.03999999910593033,0.03999999910593033
31-05-2016,0.03999999910593033,0.05000000074505806,1000,0.05000000074505806,0.03999999910593033,0.03999999910593033
01-06-2016,0.07000000029802322,0.07000000029802322,3800,0.07000000029802322,0.07000000029802322,0.07000000029802322
02-06-2016,0.05000000074505806,0.07000000029802322,3200,0.07000000029802322,0.05000000074505806,0.05000000074505806
03-06-2016,0.05000000074505806,0.05000000074505806,0,0.05000000074505806,0.05000000074505806,0.05000000074505806
06-06-2016,0.07000000029802322,0.07000000029802322,3000,0.07000000029802322,0.07000000029802322,0.07000000029802322
07-06-2016,0.07000000029802322,0.07000000029802322,0,0.07000000029802322,0.07000000029802322,0.07000000029802322
08-06-2016,0.07000000029802322,0.07000000029802322,0,0.07000000029802322,0.07000000029802322,0.07000000029802322
09-06-2016,0.07000000029802322,0.07000000029802322,0,0.07000000029802322,0.07000000029802322,0.07000000029802322
10-06-2016,0.05999999865889549,0.05999999865889549,4700,0.05999999865889549,0.05999999865889549,0.05999999865889549
13-06-2016,0.05999999865889549,0.05999999865889549,0,0.05999999865889549,0.05999999865889549,0.05999999865889549
14-06-2016,0.05999999865889549,0.05999999865889549,0,0.05999999865889549,0.05999999865889549,0.05999999865889549
15-06-2016,0.05999999865889549,0.05999999865889549,0,0.05999999865889549,0.05999999865889549,0.05999999865889549
16-06-2016,0.05999999865889549,0.05999999865889549,0,0.05999999865889549,0.05999999865889549,0.05999999865889549
17-06-2016,0.07000000029802322,0.07000000029802322,300,0.07000000029802322,0.07000000029802322,0.07000000029802322
20-06-2016,0.07000000029802322,0.07000000029802322,5000,0.07000000029802322,0.07000000029802322,0.07000000029802322
21-06-2016,0.07000000029802322,0.07000000029802322,1400,0.07000000029802322,0.07000000029802322,0.07000000029802322
22-06-2016,0.07000000029802322,0.07000000029802322,5700,0.07000000029802322,0.07000000029802322,0.07000000029802322
23-06-2016,0.07000000029802322,0.07000000029802322,300,0.07000000029802322,0.07000000029802322,0.07000000029802322
24-06-2016,0.07000000029802322,0.07000000029802322,0,0.07000000029802322,0.07000000029802322,0.07000000029802322
27-06-2016,0.07000000029802322,0.07000000029802322,300,0.07000000029802322,0.07000000029802322,0.07000000029802322
28-06-2016,0.07000000029802322,0.07000000029802322,0,0.07000000029802322,0.07000000029802322,0.07000000029802322
29-06-2016,0.07000000029802322,0.07000000029802322,0,0.07000000029802322,0.07000000029802322,0.07000000029802322
30-06-2016,0.07000000029802322,0.07000000029802322,0,0.07000000029802322,0.07000000029802322,0.07000000029802322
01-07-2016,0.07000000029802322,0.07000000029802322,0,0.07000000029802322,0.07000000029802322,0.07000000029802322
05-07-2016,0.07000000029802322,0.07000000029802322,0,0.07000000029802322,0.07000000029802322,0.07000000029802322
06-07-2016,0.029999999329447746,0.029999999329447746,9300,0.07999999821186066,0.07999999821186066,0.07999999821186066
07-07-2016,0.07999999821186066,0.07999999821186066,0,0.07999999821186066,0.07999999821186066,0.07999999821186066
08-07-2016,0.07999999821186066,0.07999999821186066,0,0.07999999821186066,0.07999999821186066,0.07999999821186066
11-07-2016,0.07999999821186066,0.07999999821186066,0,0.07999999821186066,0.07999999821186066,0.07999999821186066
12-07-2016,0.07999999821186066,0.07999999821186066,0,0.07999999821186066,0.07999999821186066,0.07999999821186066
13-07-2016,0.07999999821186066,0.07999999821186066,0,0.07999999821186066,0.07999999821186066,0.07999999821186066
14-07-2016,0.07999999821186066,0.07999999821186066,0,0.07999999821186066,0.07999999821186066,0.07999999821186066
15-07-2016,0.07999999821186066,0.07999999821186066,0,0.07999999821186066,0.07999999821186066,0.07999999821186066
18-07-2016,0.07999999821186066,0.07999999821186066,0,0.07999999821186066,0.07999999821186066,0.07999999821186066
19-07-2016,0.07999999821186066,0.07999999821186066,0,0.07999999821186066,0.07999999821186066,0.07999999821186066
20-07-2016,0.07999999821186066,0.07999999821186066,300,0.07999999821186066,0.07999999821186066,0.07999999821186066
21-07-2016,0.07000000029802322,0.07000000029802322,3100,0.07000000029802322,0.07000000029802322,0.07000000029802322
22-07-2016,0.07000000029802322,0.07000000029802322,0,0.07000000029802322,0.07000000029802322,0.07000000029802322
25-07-2016,0.029999999329447746,0.029999999329447746,900,0.029999999329447746,0.029999999329447746,0.029999999329447746
26-07-2016,0.029999999329447746,0.029999999329447746,0,0.029999999329447746,0.029999999329447746,0.029999999329447746
27-07-2016,0.029999999329447746,0.029999999329447746,5300,0.029999999329447746,0.029999999329447746,0.029999999329447746
28-07-2016,0.029999999329447746,0.029999999329447746,0,0.029999999329447746,0.029999999329447746,0.029999999329447746
29-07-2016,0.029999999329447746,0.029999999329447746,0,0.029999999329447746,0.029999999329447746,0.029999999329447746
01-08-2016,0.029999999329447746,0.029999999329447746,0,0.029999999329447746,0.029999999329447746,0.029999999329447746
02-08-2016,0.07999999821186066,0.07999999821186066,24800,0.07999999821186066,0.07999999821186066,0.07999999821186066
03-08-2016,0.03999999910593033,0.07000000029802322,10000,0.07000000029802322,0.03999999910593033,0.03999999910593033
04-08-2016,0.03999999910593033,0.03999999910593033,0,0.03999999910593033,0.03999999910593033,0.03999999910593033
05-08-2016,0.03999999910593033,0.03999999910593033,300,0.03999999910593033,0.03999999910593033,0.03999999910593033
08-08-2016,0.03999999910593033,0.03999999910593033,0,0.03999999910593033,0.03999999910593033,0.03999999910593033
09-08-2016,0.03999999910593033,0.03999999910593033,4300,0.03999999910593033,0.03999999910593033,0.03999999910593033
10-08-2016,0.03999999910593033,0.03999999910593033,0,0.03999999910593033,0.03999999910593033,0.03999999910593033
11-08-2016,0.03999999910593033,0.03999999910593033,7000,0.03999999910593033,0.03999999910593033,0.03999999910593033
12-08-2016,0.03999999910593033,0.03999999910593033,0,0.03999999910593033,0.03999999910593033,0.03999999910593033
15-08-2016,0.05999999865889549,0.05999999865889549,10000,0.05999999865889549,0.05999999865889549,0.05999999865889549
16-08-2016,0.05999999865889549,0.05999999865889549,3600,0.05999999865889549,0.05999999865889549,0.05999999865889549
17-08-2016,0.05999999865889549,0.05999999865889549,0,0.05999999865889549,0.05999999865889549,0.05999999865889549
18-08-2016,0.05999999865889549,0.05999999865889549,300,0.05999999865889549,0.05999999865889549,0.05999999865889549
19-08-2016,0.05999999865889549,0.05999999865889549,0,0.05999999865889549,0.05999999865889549,0.05999999865889549
22-08-2016,0.029999999329447746,0.029999999329447746,10000,0.029999999329447746,0.029999999329447746,0.029999999329447746
23-08-2016,0.029999999329447746,0.029999999329447746,0,0.029999999329447746,0.029999999329447746,0.029999999329447746
24-08-2016,0.029999999329447746,0.029999999329447746,0,0.029999999329447746,0.029999999329447746,0.029999999329447746
25-08-2016,0.029999999329447746,0.029999999329447746,0,0.029999999329447746,0.029999999329447746,0.029999999329447746
26-08-2016,0.029999999329447746,0.029999999329447746,3000,0.029999999329447746,0.029999999329447746,0.029999999329447746
29-08-2016,0.05999999865889549,0.05999999865889549,5000,0.05999999865889549,0.05999999865889549,0.05999999865889549
30-08-2016,0.05999999865889549,0.05999999865889549,0,0.05999999865889549,0.05999999865889549,0.05999999865889549
31-08-2016,0.05999999865889549,0.05999999865889549,0,0.05999999865889549,0.05999999865889549,0.05999999865889549
01-09-2016,0.03999999910593033,0.03999999910593033,14000,0.05999999865889549,0.05999999865889549,0.05999999865889549
02-09-2016,0.05999999865889549,0.05999999865889549,0,0.05999999865889549,0.05999999865889549,0.05999999865889549
06-09-2016,0.05000000074505806,0.05999999865889549,10600,0.05999999865889549,0.05999999865889549,0.05999999865889549
07-09-2016,0.03999999910593033,0.03999999910593033,27500,0.03999999910593033,0.03999999910593033,0.03999999910593033
08-09-2016,0.03999999910593033,0.03999999910593033,0,0.03999999910593033,0.03999999910593033,0.03999999910593033
09-09-2016,0.05999999865889549,0.05999999865889549,500,0.05999999865889549,0.05999999865889549,0.05999999865889549
12-09-2016,0.05999999865889549,0.05999999865889549,0,0.05999999865889549,0.05999999865889549,0.05999999865889549
13-09-2016,0.03999999910593033,0.03999999910593033,10000,0.03999999910593033,0.03999999910593033,0.03999999910593033
14-09-2016,0.03999999910593033,0.03999999910593033,600,0.03999999910593033,0.03999999910593033,0.03999999910593033
15-09-2016,0.03999999910593033,0.03999999910593033,0,0.03999999910593033,0.03999999910593033,0.03999999910593033
16-09-2016,0.03999999910593033,0.03999999910593033,0,0.03999999910593033,0.03999999910593033,0.03999999910593033
19-09-2016,0.03999999910593033,0.05999999865889549,10000,0.05999999865889549,0.03999999910593033,0.03999999910593033
20-09-2016,0.03999999910593033,0.03999999910593033,0,0.03999999910593033,0.03999999910593033,0.03999999910593033
21-09-2016,0.03999999910593033,0.03999999910593033,0,0.03999999910593033,0.03999999910593033,0.03999999910593033
22-09-2016,0.03999999910593033,0.03999999910593033,0,0.03999999910593033,0.03999999910593033,0.03999999910593033
23-09-2016,0.03999999910593033,0.03999999910593033,0,0.03999999910593033,0.03999999910593033,0.03999999910593033
26-09-2016,0.03999999910593033,0.03999999910593033,0,0.03999999910593033,0.03999999910593033,0.03999999910593033
27-09-2016,0.03999999910593033,0.03999999910593033,14400,0.05999999865889549,0.03999999910593033,0.03999999910593033
28-09-2016,0.03999999910593033,0.03999999910593033,0,0.03999999910593033,0.03999999910593033,0.03999999910593033
29-09-2016,0.03999999910593033,0.03999999910593033,0,0.03999999910593033,0.03999999910593033,0.03999999910593033
30-09-2016,0.03999999910593033,0.03999999910593033,0,0.03999999910593033,0.03999999910593033,0.03999999910593033
03-10-2016,0.029999999329447746,0.029999999329447746,200,0.029999999329447746,0.029999999329447746,0.029999999329447746
04-10-2016,0.029999999329447746,0.029999999329447746,0,0.029999999329447746,0.029999999329447746,0.029999999329447746
05-10-2016,0.029999999329447746,0.029999999329447746,0,0.029999999329447746,0.029999999329447746,0.029999999329447746
06-10-2016,0.029999999329447746,0.029999999329447746,0,0.029999999329447746,0.029999999329447746,0.029999999329447746
07-10-2016,0.029999999329447746,0.029999999329447746,0,0.029999999329447746,0.029999999329447746,0.029999999329447746
10-10-2016,0.029999999329447746,0.029999999329447746,0,0.029999999329447746,0.029999999329447746,0.029999999329447746
11-10-2016,0.029999999329447746,0.029999999329447746,0,0.029999999329447746,0.029999999329447746,0.029999999329447746
12-10-2016,0.029999999329447746,0.029999999329447746,0,0.029999999329447746,0.029999999329447746,0.029999999329447746
13-10-2016,0.029999999329447746,0.029999999329447746,0,0.029999999329447746,0.029999999329447746,0.029999999329447746
14-10-2016,0.029999999329447746,0.029999999329447746,300,0.029999999329447746,0.029999999329447746,0.029999999329447746
17-10-2016,0.029999999329447746,0.029999999329447746,0,0.029999999329447746,0.029999999329447746,0.029999999329447746
18-10-2016,0.029999999329447746,0.029999999329447746,100,0.029999999329447746,0.029999999329447746,0.029999999329447746
19-10-2016,0.029999999329447746,0.029999999329447746,0,0.029999999329447746,0.029999999329447746,0.029999999329447746
20-10-2016,0.029999999329447746,0.029999999329447746,0,0.029999999329447746,0.029999999329447746,0.029999999329447746
21-10-2016,0.029999999329447746,0.029999999329447746,0,0.029999999329447746,0.029999999329447746,0.029999999329447746
24-10-2016,0.029999999329447746,0.029999999329447746,0,0.029999999329447746,0.029999999329447746,0.029999999329447746
25-10-2016,0.029999999329447746,0.029999999329447746,2200,0.029999999329447746,0.029999999329447746,0.029999999329447746
26-10-2016,0.029999999329447746,0.029999999329447746,0,0.029999999329447746,0.029999999329447746,0.029999999329447746
27-10-2016,0.029999999329447746,0.029999999329447746,0,0.029999999329447746,0.029999999329447746,0.029999999329447746
28-10-2016,0.029999999329447746,0.029999999329447746,3500,0.029999999329447746,0.029999999329447746,0.029999999329447746
31-10-2016,0.029999999329447746,0.029999999329447746,0,0.029999999329447746,0.029999999329447746,0.029999999329447746
01-11-2016,0.029999999329447746,0.029999999329447746,0,0.029999999329447746,0.029999999329447746,0.029999999329447746
02-11-2016,0.029999999329447746,0.029999999329447746,0,0.029999999329447746,0.029999999329447746,0.029999999329447746
03-11-2016,0.029999999329447746,0.029999999329447746,0,0.029999999329447746,0.029999999329447746,0.029999999329447746
04-11-2016,0.029999999329447746,0.029999999329447746,0,0.029999999329447746,0.029999999329447746,0.029999999329447746
07-11-2016,0.029999999329447746,0.029999999329447746,0,0.029999999329447746,0.029999999329447746,0.029999999329447746
08-11-2016,0.029999999329447746,0.029999999329447746,0,0.029999999329447746,0.029999999329447746,0.029999999329447746
09-11-2016,0.029999999329447746,0.03999999910593033,7100,0.03999999910593033,0.029999999329447746,0.029999999329447746
10-11-2016,0.029999999329447746,0.029999999329447746,0,0.029999999329447746,0.029999999329447746,0.029999999329447746
11-11-2016,0.029999999329447746,0.029999999329447746,3400,0.029999999329447746,0.029999999329447746,0.029999999329447746
14-11-2016,0.029999999329447746,0.029999999329447746,0,0.029999999329447746,0.029999999329447746,0.029999999329447746
15-11-2016,0.029999999329447746,0.029999999329447746,0,0.029999999329447746,0.029999999329447746,0.029999999329447746
16-11-2016,0.029999999329447746,0.029999999329447746,0,0.029999999329447746,0.029999999329447746,0.029999999329447746
17-11-2016,0.029999999329447746,0.029999999329447746,0,0.029999999329447746,0.029999999329447746,0.029999999329447746
18-11-2016,0.029999999329447746,0.029999999329447746,0,0.029999999329447746,0.029999999329447746,0.029999999329447746
21-11-2016,0.029999999329447746,0.029999999329447746,16500,0.029999999329447746,0.029999999329447746,0.029999999329447746
22-11-2016,0.029999999329447746,0.029999999329447746,15000,0.029999999329447746,0.029999999329447746,0.029999999329447746
23-11-2016,0.029999999329447746,0.029999999329447746,0,0.029999999329447746,0.029999999329447746,0.029999999329447746
25-11-2016,0.029999999329447746,0.029999999329447746,0,0.029999999329447746,0.029999999329447746,0.029999999329447746
28-11-2016,0.029999999329447746,0.029999999329447746,11000,0.05000000074505806,0.05000000074505806,0.05000000074505806
29-11-2016,0.05000000074505806,0.05000000074505806,0,0.05000000074505806,0.05000000074505806,0.05000000074505806
30-11-2016,0.05000000074505806,0.05000000074505806,0,0.05000000074505806,0.05000000074505806,0.05000000074505806
01-12-2016,0.05000000074505806,0.05000000074505806,15500,0.05000000074505806,0.05000000074505806,0.05000000074505806
02-12-2016,0.029999999329447746,0.029999999329447746,900,0.029999999329447746,0.029999999329447746,0.029999999329447746
05-12-2016,0.03999999910593033,0.03999999910593033,2600,0.05000000074505806,0.05000000074505806,0.05000000074505806
06-12-2016,0.05000000074505806,0.05000000074505806,3400,0.05000000074505806,0.05000000074505806,0.05000000074505806
07-12-2016,0.05000000074505806,0.05000000074505806,0,0.05000000074505806,0.05000000074505806,0.05000000074505806
08-12-2016,0.019999999552965164,0.05999999865889549,5500,0.05999999865889549,0.05999999865889549,0.05999999865889549
09-12-2016,0.05999999865889549,0.05999999865889549,3000,0.05999999865889549,0.05999999865889549,0.05999999865889549
12-12-2016,0.019999999552965164,0.019999999552965164,400,0.05999999865889549,0.05999999865889549,0.05999999865889549
13-12-2016,0.05999999865889549,0.05999999865889549,0,0.05999999865889549,0.05999999865889549,0.05999999865889549
14-12-2016,0.05999999865889549,0.05999999865889549,0,0.05999999865889549,0.05999999865889549,0.05999999865889549
15-12-2016,0.05999999865889549,0.05999999865889549,0,0.05999999865889549,0.05999999865889549,0.05999999865889549
16-12-2016,0.03999999910593033,0.03999999910593033,2500,0.05999999865889549,0.05999999865889549,0.05999999865889549
19-12-2016,0.05999999865889549,0.05999999865889549,4000,0.05999999865889549,0.05999999865889549,0.05999999865889549
20-12-2016,0.05999999865889549,0.05999999865889549,400,0.05999999865889549,0.05999999865889549,0.05999999865889549
21-12-2016,0.029999999329447746,0.029999999329447746,12000,0.029999999329447746,0.029999999329447746,0.029999999329447746
22-12-2016,0.03999999910593033,0.03999999910593033,3000,0.05000000074505806,0.05000000074505806,0.05000000074505806
23-12-2016,0.05000000074505806,0.05000000074505806,0,0.05000000074505806,0.05000000074505806,0.05000000074505806
27-12-2016,0.05000000074505806,0.05000000074505806,3000,0.05000000074505806,0.05000000074505806,0.05000000074505806
28-12-2016,0.03999999910593033,0.05000000074505806,11500,0.05000000074505806,0.05000000074505806,0.05000000074505806
29-12-2016,0.05000000074505806,0.05000000074505806,0,0.05000000074505806,0.05000000074505806,0.05000000074505806
30-12-2016,0.03999999910593033,0.03999999910593033,500,0.03999999910593033,0.03999999910593033,0.03999999910593033
03-01-2017,0.03999999910593033,0.03999999910593033,0,0.03999999910593033,0.03999999910593033,0.03999999910593033
04-01-2017,0.03999999910593033,0.03999999910593033,1900,0.03999999910593033,0.03999999910593033,0.03999999910593033
05-01-2017,0.019999999552965164,0.019999999552965164,2000,0.05000000074505806,0.05000000074505806,0.05000000074505806
06-01-2017,0.03999999910593033,0.03999999910593033,900,0.05000000074505806,0.05000000074505806,0.05000000074505806
09-01-2017,0.019999999552965164,0.029999999329447746,5100,0.029999999329447746,0.019999999552965164,0.019999999552965164
10-01-2017,0.05000000074505806,0.05000000074505806,1000,0.05000000074505806,0.05000000074505806,0.05000000074505806
11-01-2017,0.05000000074505806,0.05000000074505806,0,0.05000000074505806,0.05000000074505806,0.05000000074505806
12-01-2017,0.05000000074505806,0.05000000074505806,0,0.05000000074505806,0.05000000074505806,0.05000000074505806
13-01-2017,0.05000000074505806,0.05000000074505806,0,0.05000000074505806,0.05000000074505806,0.05000000074505806
17-01-2017,0.029999999329447746,0.029999999329447746,300,0.029999999329447746,0.029999999329447746,0.029999999329447746
18-01-2017,0.029999999329447746,0.029999999329447746,0,0.029999999329447746,0.029999999329447746,0.029999999329447746
19-01-2017,0.029999999329447746,0.029999999329447746,0,0.029999999329447746,0.029999999329447746,0.029999999329447746
20-01-2017,0.029999999329447746,0.029999999329447746,0,0.029999999329447746,0.029999999329447746,0.029999999329447746
23-01-2017,0.029999999329447746,0.029999999329447746,0,0.029999999329447746,0.029999999329447746,0.029999999329447746
24-01-2017,0.029999999329447746,0.029999999329447746,0,0.029999999329447746,0.029999999329447746,0.029999999329447746
25-01-2017,0.03999999910593033,0.03999999910593033,10200,0.05000000074505806,0.05000000074505806,0.05000000074505806
26-01-2017,0.05000000074505806,0.05000000074505806,0,0.05000000074505806,0.05000000074505806,0.05000000074505806
27-01-2017,0.05000000074505806,0.05000000074505806,0,0.05000000074505806,0.05000000074505806,0.05000000074505806
30-01-2017,0.05000000074505806,0.05000000074505806,0,0.05000000074505806,0.05000000074505806,0.05000000074505806
31-01-2017,0.05000000074505806,0.05000000074505806,0,0.05000000074505806,0.05000000074505806,0.05000000074505806
01-02-2017,0.05000000074505806,0.05000000074505806,10500,0.05000000074505806,0.05000000074505806,0.05000000074505806
02-02-2017,0.05000000074505806,0.05000000074505806,1400,0.05000000074505806,0.05000000074505806,0.05000000074505806
03-02-2017,0.029999999329447746,0.029999999329447746,10000,0.029999999329447746,0.029999999329447746,0.029999999329447746
06-02-2017,0.029999999329447746,0.029999999329447746,0,0.029999999329447746,0.029999999329447746,0.029999999329447746
07-02-2017,0.029999999329447746,0.029999999329447746,0,0.029999999329447746,0.029999999329447746,0.029999999329447746
08-02-2017,0.029999999329447746,0.029999999329447746,0,0.029999999329447746,0.029999999329447746,0.029999999329447746
09-02-2017,0.029999999329447746,0.029999999329447746,0,0.029999999329447746,0.029999999329447746,0.029999999329447746
10-02-2017,0.029999999329447746,0.029999999329447746,0,0.029999999329447746,0.029999999329447746,0.029999999329447746
13-02-2017,0.029999999329447746,0.029999999329447746,0,0.029999999329447746,0.029999999329447746,0.029999999329447746
14-02-2017,0.05000000074505806,0.05000000074505806,500,0.05000000074505806,0.05000000074505806,0.05000000074505806
15-02-2017,0.03999999910593033,0.03999999910593033,10000,0.03999999910593033,0.03999999910593033,0.03999999910593033
16-02-2017,0.03999999910593033,0.03999999910593033,0,0.03999999910593033,0.03999999910593033,0.03999999910593033
17-02-2017,0.03999999910593033,0.03999999910593033,4500,0.05000000074505806,0.05000000074505806,0.05000000074505806
21-02-2017,0.03999999910593033,0.03999999910593033,5000,0.03999999910593033,0.03999999910593033,0.03999999910593033
22-02-2017,0.03999999910593033,0.03999999910593033,300,0.03999999910593033,0.03999999910593033,0.03999999910593033
23-02-2017,0.03999999910593033,0.03999999910593033,5000,0.03999999910593033,0.03999999910593033,0.03999999910593033
24-02-2017,0.03999999910593033,0.03999999910593033,0,0.03999999910593033,0.03999999910593033,0.03999999910593033
27-02-2017,0.03999999910593033,0.03999999910593033,0,0.03999999910593033,0.03999999910593033,0.03999999910593033
28-02-2017,0.03999999910593033,0.03999999910593033,0,0.03999999910593033,0.03999999910593033,0.03999999910593033
01-03-2017,0.03999999910593033,0.03999999910593033,0,0.03999999910593033,0.03999999910593033,0.03999999910593033
02-03-2017,0.03999999910593033,0.03999999910593033,0,0.03999999910593033,0.03999999910593033,0.03999999910593033
03-03-2017,0.03999999910593033,0.03999999910593033,4000,0.05000000074505806,0.05000000074505806,0.05000000074505806
06-03-2017,0.03999999910593033,0.03999999910593033,7700,0.03999999910593033,0.03999999910593033,0.03999999910593033
07-03-2017,0.03999999910593033,0.03999999910593033,0,0.03999999910593033,0.03999999910593033,0.03999999910593033
08-03-2017,0.03999999910593033,0.03999999910593033,0,0.03999999910593033,0.03999999910593033,0.03999999910593033
09-03-2017,0.03999999910593033,0.03999999910593033,0,0.03999999910593033,0.03999999910593033,0.03999999910593033
10-03-2017,0.03999999910593033,0.03999999910593033,0,0.03999999910593033,0.03999999910593033,0.03999999910593033
13-03-2017,0.03999999910593033,0.03999999910593033,0,0.03999999910593033,0.03999999910593033,0.03999999910593033
14-03-2017,0.03999999910593033,0.03999999910593033,0,0.03999999910593033,0.03999999910593033,0.03999999910593033
15-03-2017,0.03999999910593033,0.03999999910593033,0,0.03999999910593033,0.03999999910593033,0.03999999910593033
16-03-2017,0.03999999910593033,0.03999999910593033,0,0.03999999910593033,0.03999999910593033,0.03999999910593033
17-03-2017,0.03999999910593033,0.03999999910593033,0,0.03999999910593033,0.03999999910593033,0.03999999910593033
20-03-2017,0.03999999910593033,0.03999999910593033,0,0.03999999910593033,0.03999999910593033,0.03999999910593033
21-03-2017,0.03999999910593033,0.03999999910593033,2400,0.03999999910593033,0.03999999910593033,0.03999999910593033
22-03-2017,0.03999999910593033,0.03999999910593033,0,0.03999999910593033,0.03999999910593033,0.03999999910593033
23-03-2017,0.03999999910593033,0.03999999910593033,0,0.03999999910593033,0.03999999910593033,0.03999999910593033
24-03-2017,0.03999999910593033,0.03999999910593033,10000,0.03999999910593033,0.03999999910593033,0.03999999910593033
27-03-2017,0.03999999910593033,0.03999999910593033,10100,0.03999999910593033,0.03999999910593033,0.03999999910593033
28-03-2017,0.03999999910593033,0.03999999910593033,0,0.03999999910593033,0.03999999910593033,0.03999999910593033
29-03-2017,0.03999999910593033,0.03999999910593033,0,0.03999999910593033,0.03999999910593033,0.03999999910593033
30-03-2017,0.029999999329447746,0.029999999329447746,1000,0.029999999329447746,0.029999999329447746,0.029999999329447746
31-03-2017,0.029999999329447746,0.029999999329447746,0,0.029999999329447746,0.029999999329447746,0.029999999329447746
03-04-2017,0.029999999329447746,0.029999999329447746,0,0.029999999329447746,0.029999999329447746,0.029999999329447746
04-04-2017,0.029999999329447746,0.03999999910593033,14700,0.03999999910593033,0.029999999329447746,0.029999999329447746
05-04-2017,0.029999999329447746,0.029999999329447746,0,0.029999999329447746,0.029999999329447746,0.029999999329447746
06-04-2017,0.029999999329447746,0.029999999329447746,5000,0.029999999329447746,0.029999999329447746,0.029999999329447746
07-04-2017,0.029999999329447746,0.029999999329447746,0,0.029999999329447746,0.029999999329447746,0.029999999329447746
10-04-2017,0.029999999329447746,0.029999999329447746,0,0.029999999329447746,0.029999999329447746,0.029999999329447746
11-04-2017,0.029999999329447746,0.029999999329447746,0,0.029999999329447746,0.029999999329447746,0.029999999329447746
12-04-2017,0.029999999329447746,0.029999999329447746,0,0.029999999329447746,0.029999999329447746,0.029999999329447746
13-04-2017,0.029999999329447746,0.029999999329447746,0,0.029999999329447746,0.029999999329447746,0.029999999329447746
17-04-2017,0.019999999552965164,0.019999999552965164,300,0.019999999552965164,0.019999999552965164,0.019999999552965164
18-04-2017,0.029999999329447746,0.029999999329447746,3300,0.029999999329447746,0.029999999329447746,0.029999999329447746
19-04-2017,0.029999999329447746,0.029999999329447746,0,0.029999999329447746,0.029999999329447746,0.029999999329447746
20-04-2017,0.029999999329447746,0.029999999329447746,0,0.029999999329447746,0.029999999329447746,0.029999999329447746
21-04-2017,0.019999999552965164,0.019999999552965164,11300,0.019999999552965164,0.019999999552965164,0.019999999552965164
24-04-2017,0.019999999552965164,0.019999999552965164,0,0.019999999552965164,0.019999999552965164,0.019999999552965164
25-04-2017,0.019999999552965164,0.019999999552965164,0,0.019999999552965164,0.019999999552965164,0.019999999552965164
26-04-2017,0.019999999552965164,0.019999999552965164,0,0.019999999552965164,0.019999999552965164,0.019999999552965164
27-04-2017,0.029999999329447746,0.029999999329447746,25200,0.029999999329447746,0.029999999329447746,0.029999999329447746
28-04-2017,0.029999999329447746,0.029999999329447746,0,0.029999999329447746,0.029999999329447746,0.029999999329447746
01-05-2017,0.019999999552965164,0.019999999552965164,1000,0.03999999910593033,0.03999999910593033,0.03999999910593033
02-05-2017,0.029999999329447746,0.03999999910593033,9400,0.03999999910593033,0.03999999910593033,0.03999999910593033
03-05-2017,0.03999999910593033,0.03999999910593033,0,0.03999999910593033,0.03999999910593033,0.03999999910593033
04-05-2017,0.03999999910593033,0.03999999910593033,3000,0.03999999910593033,0.03999999910593033,0.03999999910593033
05-05-2017,0.029999999329447746,0.029999999329447746,500,0.029999999329447746,0.029999999329447746,0.029999999329447746
08-05-2017,0.029999999329447746,0.03999999910593033,7000,0.03999999910593033,0.029999999329447746,0.029999999329447746
09-05-2017,0.029999999329447746,0.029999999329447746,0,0.029999999329447746,0.029999999329447746,0.029999999329447746
10-05-2017,0.029999999329447746,0.029999999329447746,0,0.029999999329447746,0.029999999329447746,0.029999999329447746
11-05-2017,0.029999999329447746,0.029999999329447746,24300,0.029999999329447746,0.029999999329447746,0.029999999329447746
12-05-2017,0.029999999329447746,0.029999999329447746,0,0.029999999329447746,0.029999999329447746,0.029999999329447746
15-05-2017,0.029999999329447746,0.029999999329447746,0,0.029999999329447746,0.029999999329447746,0.029999999329447746
16-05-2017,0.029999999329447746,0.029999999329447746,20000,0.029999999329447746,0.029999999329447746,0.029999999329447746
17-05-2017,0.029999999329447746,0.029999999329447746,0,0.029999999329447746,0.029999999329447746,0.029999999329447746
18-05-2017,0.029999999329447746,0.029999999329447746,0,0.029999999329447746,0.029999999329447746,0.029999999329447746
19-05-2017,0.05000000074505806,0.05000000074505806,6000,0.05000000074505806,0.05000000074505806,0.05000000074505806
22-05-2017,0.05000000074505806,0.05000000074505806,0,0.05000000074505806,0.05000000074505806,0.05000000074505806
23-05-2017,0.03999999910593033,0.03999999910593033,1600,0.03999999910593033,0.03999999910593033,0.03999999910593033
24-05-2017,0.03999999910593033,0.03999999910593033,0,0.03999999910593033,0.03999999910593033,0.03999999910593033
25-05-2017,0.05000000074505806,0.05000000074505806,200,0.05000000074505806,0.05000000074505806,0.05000000074505806
26-05-2017,0.05000000074505806,0.05000000074505806,0,0.05000000074505806,0.05000000074505806,0.05000000074505806
30-05-2017,0.05000000074505806,0.05000000074505806,0,0.05000000074505806,0.05000000074505806,0.05000000074505806
31-05-2017,0.05000000074505806,0.05000000074505806,0,0.05000000074505806,0.05000000074505806,0.05000000074505806
01-06-2017,0.05000000074505806,0.05000000074505806,0,0.05000000074505806,0.05000000074505806,0.05000000074505806
02-06-2017,0.029999999329447746,0.029999999329447746,23800,0.029999999329447746,0.029999999329447746,0.029999999329447746
05-06-2017,0.029999999329447746,0.029999999329447746,0,0.029999999329447746,0.029999999329447746,0.029999999329447746
06-06-2017,0.029999999329447746,0.029999999329447746,0,0.029999999329447746,0.029999999329447746,0.029999999329447746
07-06-2017,0.029999999329447746,0.029999999329447746,0,0.029999999329447746,0.029999999329447746,0.029999999329447746
08-06-2017,0.029999999329447746,0.029999999329447746,0,0.029999999329447746,0.029999999329447746,0.029999999329447746
09-06-2017,0.03999999910593033,0.03999999910593033,68300,0.05999999865889549,0.05000000074505806,0.05000000074505806
12-06-2017,0.03999999910593033,0.07000000029802322,22400,0.10000000149011612,0.05999999865889549,0.05999999865889549
13-06-2017,0.03999999910593033,0.03999999910593033,10000,0.03999999910593033,0.03999999910593033,0.03999999910593033
14-06-2017,0.05999999865889549,0.05999999865889549,1000,0.05999999865889549,0.05999999865889549,0.05999999865889549
15-06-2017,0.05999999865889549,0.05999999865889549,0,0.05999999865889549,0.05999999865889549,0.05999999865889549
16-06-2017,0.05999999865889549,0.05999999865889549,0,0.05999999865889549,0.05999999865889549,0.05999999865889549
19-06-2017,0.029999999329447746,0.029999999329447746,37500,0.05000000074505806,0.029999999329447746,0.029999999329447746
20-06-2017,0.019999999552965164,0.029999999329447746,40100,0.029999999329447746,0.019999999552965164,0.019999999552965164
21-06-2017,0.019999999552965164,0.019999999552965164,0,0.019999999552965164,0.019999999552965164,0.019999999552965164
22-06-2017,0.019999999552965164,0.019999999552965164,0,0.019999999552965164,0.019999999552965164,0.019999999552965164
23-06-2017,0.03999999910593033,0.03999999910593033,4000,0.03999999910593033,0.03999999910593033,0.03999999910593033
26-06-2017,0.03999999910593033,0.03999999910593033,0,0.03999999910593033,0.03999999910593033,0.03999999910593033
27-06-2017,0.03999999910593033,0.03999999910593033,0,0.03999999910593033,0.03999999910593033,0.03999999910593033
28-06-2017,0.03999999910593033,0.03999999910593033,0,0.03999999910593033,0.03999999910593033,0.03999999910593033
29-06-2017,0.029999999329447746,0.029999999329447746,14800,0.029999999329447746,0.029999999329447746,0.029999999329447746
30-06-2017,0.029999999329447746,0.029999999329447746,0,0.029999999329447746,0.029999999329447746,0.029999999329447746
03-07-2017,0.029999999329447746,0.029999999329447746,0,0.029999999329447746,0.029999999329447746,0.029999999329447746
05-07-2017,0.029999999329447746,0.029999999329447746,0,0.029999999329447746,0.029999999329447746,0.029999999329447746
06-07-2017,0.029999999329447746,0.029999999329447746,0,0.029999999329447746,0.029999999329447746,0.029999999329447746
07-07-2017,0.029999999329447746,0.029999999329447746,0,0.029999999329447746,0.029999999329447746,0.029999999329447746
10-07-2017,0.029999999329447746,0.029999999329447746,0,0.029999999329447746,0.029999999329447746,0.029999999329447746
11-07-2017,0.019999999552965164,0.019999999552965164,10000,0.019999999552965164,0.019999999552965164,0.019999999552965164
12-07-2017,0.019999999552965164,0.019999999552965164,0,0.019999999552965164,0.019999999552965164,0.019999999552965164
13-07-2017,0.029999999329447746,0.029999999329447746,5000,0.029999999329447746,0.029999999329447746,0.029999999329447746
14-07-2017,0.029999999329447746,0.029999999329447746,1000,0.029999999329447746,0.029999999329447746,0.029999999329447746
17-07-2017,0.029999999329447746,0.029999999329447746,0,0.029999999329447746,0.029999999329447746,0.029999999329447746
18-07-2017,0.029999999329447746,0.029999999329447746,0,0.029999999329447746,0.029999999329447746,0.029999999329447746
19-07-2017,0.029999999329447746,0.029999999329447746,0,0.029999999329447746,0.029999999329447746,0.029999999329447746
20-07-2017,0.029999999329447746,0.029999999329447746,0,0.029999999329447746,0.029999999329447746,0.029999999329447746
21-07-2017,0.019999999552965164,0.019999999552965164,10000,0.019999999552965164,0.019999999552965164,0.019999999552965164
24-07-2017,0.019999999552965164,0.019999999552965164,0,0.019999999552965164,0.019999999552965164,0.019999999552965164
25-07-2017,0.019999999552965164,0.019999999552965164,0,0.019999999552965164,0.019999999552965164,0.019999999552965164
26-07-2017,0.029999999329447746,0.029999999329447746,3000,0.029999999329447746,0.029999999329447746,0.029999999329447746
27-07-2017,0.029999999329447746,0.029999999329447746,0,0.029999999329447746,0.029999999329447746,0.029999999329447746
28-07-2017,0.029999999329447746,0.029999999329447746,12500,0.029999999329447746,0.029999999329447746,0.029999999329447746
31-07-2017,0.029999999329447746,0.029999999329447746,0,0.029999999329447746,0.029999999329447746,0.029999999329447746
01-08-2017,0.029999999329447746,0.029999999329447746,20000,0.029999999329447746,0.029999999329447746,0.029999999329447746
02-08-2017,0.03999999910593033,0.03999999910593033,24000,0.03999999910593033,0.03999999910593033,0.03999999910593033
03-08-2017,0.03999999910593033,0.03999999910593033,0,0.03999999910593033,0.03999999910593033,0.03999999910593033
04-08-2017,0.029999999329447746,0.029999999329447746,1000,0.029999999329447746,0.029999999329447746,0.029999999329447746
07-08-2017,0.029999999329447746,0.05000000074505806,1300,0.05000000074505806,0.029999999329447746,0.029999999329447746
08-08-2017,0.029999999329447746,0.029999999329447746,200,0.029999999329447746,0.029999999329447746,0.029999999329447746
09-08-2017,0.029999999329447746,0.029999999329447746,0,0.029999999329447746,0.029999999329447746,0.029999999329447746
10-08-2017,0.029999999329447746,0.029999999329447746,0,0.029999999329447746,0.029999999329447746,0.029999999329447746
11-08-2017,0.029999999329447746,0.029999999329447746,0,0.029999999329447746,0.029999999329447746,0.029999999329447746
14-08-2017,0.019999999552965164,0.019999999552965164,6000,0.019999999552965164,0.019999999552965164,0.019999999552965164
15-08-2017,0.019999999552965164,0.019999999552965164,0,0.019999999552965164,0.019999999552965164,0.019999999552965164
16-08-2017,0.019999999552965164,0.019999999552965164,0,0.019999999552965164,0.019999999552965164,0.019999999552965164
17-08-2017,0.019999999552965164,0.019999999552965164,0,0.019999999552965164,0.019999999552965164,0.019999999552965164
18-08-2017,0.019999999552965164,0.019999999552965164,0,0.019999999552965164,0.019999999552965164,0.019999999552965164
21-08-2017,0.019999999552965164,0.019999999552965164,1000,0.019999999552965164,0.019999999552965164,0.019999999552965164
22-08-2017,0.019999999552965164,0.019999999552965164,0,0.019999999552965164,0.019999999552965164,0.019999999552965164
23-08-2017,0.019999999552965164,0.019999999552965164,0,0.019999999552965164,0.019999999552965164,0.019999999552965164
24-08-2017,0.019999999552965164,0.019999999552965164,18000,0.019999999552965164,0.019999999552965164,0.019999999552965164
25-08-2017,0.019999999552965164,0.019999999552965164,0,0.019999999552965164,0.019999999552965164,0.019999999552965164
28-08-2017,0.029999999329447746,0.029999999329447746,20000,0.029999999329447746,0.029999999329447746,0.029999999329447746
29-08-2017,0.029999999329447746,0.029999999329447746,0,0.029999999329447746,0.029999999329447746,0.029999999329447746
30-08-2017,0.029999999329447746,0.029999999329447746,0,0.029999999329447746,0.029999999329447746,0.029999999329447746
31-08-2017,0.029999999329447746,0.029999999329447746,16600,0.029999999329447746,0.029999999329447746,0.029999999329447746
01-09-2017,0.029999999329447746,0.029999999329447746,18000,0.029999999329447746,0.029999999329447746,0.029999999329447746
05-09-2017,0.029999999329447746,0.029999999329447746,0,0.029999999329447746,0.029999999329447746,0.029999999329447746
06-09-2017,0.029999999329447746,0.029999999329447746,25000,0.029999999329447746,0.029999999329447746,0.029999999329447746
07-09-2017,0.029999999329447746,0.029999999329447746,500,0.029999999329447746,0.029999999329447746,0.029999999329447746
08-09-2017,0.029999999329447746,0.029999999329447746,0,0.029999999329447746,0.029999999329447746,0.029999999329447746
11-09-2017,0.019999999552965164,0.029999999329447746,2100,0.029999999329447746,0.019999999552965164,0.019999999552965164
12-09-2017,0.029999999329447746,0.029999999329447746,10000,0.029999999329447746,0.029999999329447746,0.029999999329447746
13-09-2017,0.029999999329447746,0.029999999329447746,12100,0.029999999329447746,0.029999999329447746,0.029999999329447746
14-09-2017,0.029999999329447746,0.029999999329447746,0,0.029999999329447746,0.029999999329447746,0.029999999329447746
15-09-2017,0.029999999329447746,0.029999999329447746,0,0.029999999329447746,0.029999999329447746,0.029999999329447746
18-09-2017,0.03999999910593033,0.03999999910593033,200,0.03999999910593033,0.03999999910593033,0.03999999910593033
19-09-2017,0.03999999910593033,0.03999999910593033,0,0.03999999910593033,0.03999999910593033,0.03999999910593033
20-09-2017,0.03999999910593033,0.03999999910593033,0,0.03999999910593033,0.03999999910593033,0.03999999910593033
21-09-2017,0.03999999910593033,0.03999999910593033,0,0.03999999910593033,0.03999999910593033,0.03999999910593033
22-09-2017,0.03999999910593033,0.03999999910593033,0,0.03999999910593033,0.03999999910593033,0.03999999910593033
25-09-2017,0.029999999329447746,0.029999999329447746,3000,0.029999999329447746,0.029999999329447746,0.029999999329447746
26-09-2017,0.029999999329447746,0.029999999329447746,0,0.029999999329447746,0.029999999329447746,0.029999999329447746
27-09-2017,0.029999999329447746,0.029999999329447746,0,0.029999999329447746,0.029999999329447746,0.029999999329447746
28-09-2017,0.029999999329447746,0.029999999329447746,30000,0.029999999329447746,0.029999999329447746,0.029999999329447746
29-09-2017,0.029999999329447746,0.029999999329447746,5000,0.029999999329447746,0.029999999329447746,0.029999999329447746
02-10-2017,0.029999999329447746,0.029999999329447746,0,0.029999999329447746,0.029999999329447746,0.029999999329447746
03-10-2017,0.029999999329447746,0.029999999329447746,0,0.029999999329447746,0.029999999329447746,0.029999999329447746
04-10-2017,0.029999999329447746,0.029999999329447746,0,0.029999999329447746,0.029999999329447746,0.029999999329447746
05-10-2017,0.029999999329447746,0.029999999329447746,0,0.029999999329447746,0.029999999329447746,0.029999999329447746
06-10-2017,0.029999999329447746,0.029999999329447746,0,0.029999999329447746,0.029999999329447746,0.029999999329447746
09-10-2017,0.029999999329447746,0.029999999329447746,0,0.029999999329447746,0.029999999329447746,0.029999999329447746
10-10-2017,0.029999999329447746,0.029999999329447746,10000,0.029999999329447746,0.029999999329447746,0.029999999329447746
11-10-2017,0.029999999329447746,0.029999999329447746,0,0.029999999329447746,0.029999999329447746,0.029999999329447746
12-10-2017,0.029999999329447746,0.029999999329447746,0,0.029999999329447746,0.029999999329447746,0.029999999329447746
13-10-2017,0.029999999329447746,0.029999999329447746,0,0.029999999329447746,0.029999999329447746,0.029999999329447746
16-10-2017,0.029999999329447746,0.029999999329447746,0,0.029999999329447746,0.029999999329447746,0.029999999329447746
17-10-2017,0.029999999329447746,0.029999999329447746,0,0.029999999329447746,0.029999999329447746,0.029999999329447746
18-10-2017,0.029999999329447746,0.029999999329447746,0,0.029999999329447746,0.029999999329447746,0.029999999329447746
19-10-2017,0.029999999329447746,0.029999999329447746,1900,0.029999999329447746,0.029999999329447746,0.029999999329447746
20-10-2017,0.029999999329447746,0.029999999329447746,0,0.029999999329447746,0.029999999329447746,0.029999999329447746
23-10-2017,0.029999999329447746,0.029999999329447746,0,0.029999999329447746,0.029999999329447746,0.029999999329447746
24-10-2017,0.029999999329447746,0.029999999329447746,0,0.029999999329447746,0.029999999329447746,0.029999999329447746
25-10-2017,0.029999999329447746,0.029999999329447746,0,0.029999999329447746,0.029999999329447746,0.029999999329447746
26-10-2017,0.029999999329447746,0.029999999329447746,0,0.029999999329447746,0.029999999329447746,0.029999999329447746
27-10-2017,0.029999999329447746,0.03999999910593033,31000,0.03999999910593033,0.029999999329447746,0.029999999329447746
30-10-2017,0.029999999329447746,0.05000000074505806,11300,0.05000000074505806,0.029999999329447746,0.029999999329447746
31-10-2017,0.029999999329447746,0.029999999329447746,0,0.029999999329447746,0.029999999329447746,0.029999999329447746
01-11-2017,0.029999999329447746,0.029999999329447746,0,0.029999999329447746,0.029999999329447746,0.029999999329447746
02-11-2017,0.029999999329447746,0.029999999329447746,0,0.029999999329447746,0.029999999329447746,0.029999999329447746
03-11-2017,0.029999999329447746,0.029999999329447746,2000,0.029999999329447746,0.029999999329447746,0.029999999329447746
06-11-2017,0.029999999329447746,0.029999999329447746,0,0.029999999329447746,0.029999999329447746,0.029999999329447746
07-11-2017,0.029999999329447746,0.029999999329447746,0,0.029999999329447746,0.029999999329447746,0.029999999329447746
08-11-2017,0.029999999329447746,0.029999999329447746,100,0.029999999329447746,0.029999999329447746,0.029999999329447746
09-11-2017,0.029999999329447746,0.029999999329447746,0,0.029999999329447746,0.029999999329447746,0.029999999329447746
10-11-2017,0.029999999329447746,0.029999999329447746,0,0.029999999329447746,0.029999999329447746,0.029999999329447746
13-11-2017,0.03999999910593033,0.03999999910593033,3000,0.03999999910593033,0.03999999910593033,0.03999999910593033
14-11-2017,0.029999999329447746,0.029999999329447746,500,0.029999999329447746,0.029999999329447746,0.029999999329447746
15-11-2017,0.029999999329447746,0.029999999329447746,200,0.029999999329447746,0.029999999329447746,0.029999999329447746
16-11-2017,0.029999999329447746,0.029999999329447746,0,0.029999999329447746,0.029999999329447746,0.029999999329447746
17-11-2017,0.029999999329447746,0.029999999329447746,0,0.029999999329447746,0.029999999329447746,0.029999999329447746
20-11-2017,0.029999999329447746,0.029999999329447746,15000,0.029999999329447746,0.029999999329447746,0.029999999329447746
21-11-2017,0.029999999329447746,0.03999999910593033,6000,0.03999999910593033,0.029999999329447746,0.029999999329447746
22-11-2017,0.029999999329447746,0.029999999329447746,0,0.029999999329447746,0.029999999329447746,0.029999999329447746
24-11-2017,0.029999999329447746,0.029999999329447746,0,0.029999999329447746,0.029999999329447746,0.029999999329447746
27-11-2017,0.029999999329447746,0.029999999329447746,0,0.029999999329447746,0.029999999329447746,0.029999999329447746
28-11-2017,0.029999999329447746,0.029999999329447746,0,0.029999999329447746,0.029999999329447746,0.029999999329447746
29-11-2017,0.029999999329447746,0.029999999329447746,0,0.029999999329447746,0.029999999329447746,0.029999999329447746
30-11-2017,0.029999999329447746,0.029999999329447746,20000,0.029999999329447746,0.029999999329447746,0.029999999329447746
01-12-2017,0.019999999552965164,0.019999999552965164,2000,0.029999999329447746,0.029999999329447746,0.029999999329447746
04-12-2017,0.029999999329447746,0.029999999329447746,0,0.029999999329447746,0.029999999329447746,0.029999999329447746
05-12-2017,0.029999999329447746,0.029999999329447746,0,0.029999999329447746,0.029999999329447746,0.029999999329447746
06-12-2017,0.019999999552965164,0.019999999552965164,10000,0.019999999552965164,0.019999999552965164,0.019999999552965164
07-12-2017,0.019999999552965164,0.019999999552965164,0,0.019999999552965164,0.019999999552965164,0.019999999552965164
08-12-2017,0.019999999552965164,0.019999999552965164,0,0.019999999552965164,0.019999999552965164,0.019999999552965164
11-12-2017,0.019999999552965164,0.019999999552965164,17000,0.019999999552965164,0.019999999552965164,0.019999999552965164
12-12-2017,0.029999999329447746,0.029999999329447746,5100,0.029999999329447746,0.029999999329447746,0.029999999329447746
13-12-2017,0.029999999329447746,0.029999999329447746,0,0.029999999329447746,0.029999999329447746,0.029999999329447746
14-12-2017,0.029999999329447746,0.029999999329447746,0,0.029999999329447746,0.029999999329447746,0.029999999329447746
15-12-2017,0.019999999552965164,0.019999999552965164,13400,0.03999999910593033,0.029999999329447746,0.029999999329447746
18-12-2017,0.03999999910593033,0.03999999910593033,1600,0.03999999910593033,0.03999999910593033,0.03999999910593033
19-12-2017,0.03999999910593033,0.03999999910593033,0,0.03999999910593033,0.03999999910593033,0.03999999910593033
20-12-2017,0.019999999552965164,0.019999999552965164,2800,0.03999999910593033,0.03999999910593033,0.03999999910593033
21-12-2017,0.03999999910593033,0.03999999910593033,0,0.03999999910593033,0.03999999910593033,0.03999999910593033
22-12-2017,0.019999999552965164,0.029999999329447746,20500,0.029999999329447746,0.019999999552965164,0.019999999552965164
26-12-2017,0.03999999910593033,0.03999999910593033,900,0.03999999910593033,0.03999999910593033,0.03999999910593033
27-12-2017,0.019999999552965164,0.019999999552965164,10000,0.019999999552965164,0.019999999552965164,0.019999999552965164
28-12-2017,0.019999999552965164,0.019999999552965164,19000,0.029999999329447746,0.029999999329447746,0.029999999329447746
29-12-2017,0.029999999329447746,0.029999999329447746,0,0.029999999329447746,0.029999999329447746,0.029999999329447746
02-01-2018,0.029999999329447746,0.029999999329447746,0,0.029999999329447746,0.029999999329447746,0.029999999329447746
03-01-2018,0.029999999329447746,0.029999999329447746,0,0.029999999329447746,0.029999999329447746,0.029999999329447746
04-01-2018,0.029999999329447746,0.029999999329447746,0,0.029999999329447746,0.029999999329447746,0.029999999329447746
05-01-2018,0.029999999329447746,0.029999999329447746,0,0.029999999329447746,0.029999999329447746,0.029999999329447746
08-01-2018,0.029999999329447746,0.029999999329447746,0,0.029999999329447746,0.029999999329447746,0.029999999329447746
09-01-2018,0.029999999329447746,0.029999999329447746,0,0.029999999329447746,0.029999999329447746,0.029999999329447746
10-01-2018,0.019999999552965164,0.019999999552965164,500,0.019999999552965164,0.019999999552965164,0.019999999552965164
11-01-2018,0.019999999552965164,0.019999999552965164,0,0.019999999552965164,0.019999999552965164,0.019999999552965164
12-01-2018,0.019999999552965164,0.019999999552965164,0,0.019999999552965164,0.019999999552965164,0.019999999552965164
16-01-2018,0.03999999910593033,0.03999999910593033,3500,0.03999999910593033,0.03999999910593033,0.03999999910593033
17-01-2018,0.019999999552965164,0.019999999552965164,1600,0.029999999329447746,0.029999999329447746,0.029999999329447746
18-01-2018,0.029999999329447746,0.029999999329447746,0,0.029999999329447746,0.029999999329447746,0.029999999329447746
19-01-2018,0.029999999329447746,0.029999999329447746,0,0.029999999329447746,0.029999999329447746,0.029999999329447746
22-01-2018,0.019999999552965164,0.019999999552965164,500,0.019999999552965164,0.019999999552965164,0.019999999552965164
23-01-2018,0.019999999552965164,0.019999999552965164,0,0.019999999552965164,0.019999999552965164,0.019999999552965164
24-01-2018,0.019999999552965164,0.019999999552965164,3200,0.019999999552965164,0.019999999552965164,0.019999999552965164
25-01-2018,0.019999999552965164,0.019999999552965164,0,0.019999999552965164,0.019999999552965164,0.019999999552965164
26-01-2018,0.019999999552965164,0.019999999552965164,0,0.019999999552965164,0.019999999552965164,0.019999999552965164
29-01-2018,0.019999999552965164,0.019999999552965164,0,0.019999999552965164,0.019999999552965164,0.019999999552965164
30-01-2018,0.019999999552965164,0.019999999552965164,0,0.019999999552965164,0.019999999552965164,0.019999999552965164
31-01-2018,0.019999999552965164,0.019999999552965164,0,0.019999999552965164,0.019999999552965164,0.019999999552965164
01-02-2018,0.019999999552965164,0.019999999552965164,0,0.019999999552965164,0.019999999552965164,0.019999999552965164
02-02-2018,0.019999999552965164,0.019999999552965164,1000,0.029999999329447746,0.029999999329447746,0.029999999329447746
05-02-2018,0.029999999329447746,0.029999999329447746,0,0.029999999329447746,0.029999999329447746,0.029999999329447746
06-02-2018,0.03999999910593033,0.03999999910593033,700,0.03999999910593033,0.03999999910593033,0.03999999910593033
07-02-2018,0.03999999910593033,0.03999999910593033,200,0.03999999910593033,0.03999999910593033,0.03999999910593033
08-02-2018,0.03999999910593033,0.03999999910593033,1100,0.03999999910593033,0.03999999910593033,0.03999999910593033
09-02-2018,0.029999999329447746,0.029999999329447746,3200,0.029999999329447746,0.029999999329447746,0.029999999329447746
12-02-2018,0.029999999329447746,0.029999999329447746,0,0.029999999329447746,0.029999999329447746,0.029999999329447746
13-02-2018,0.029999999329447746,0.029999999329447746,0,0.029999999329447746,0.029999999329447746,0.029999999329447746
14-02-2018,0.03999999910593033,0.03999999910593033,600,0.03999999910593033,0.03999999910593033,0.03999999910593033
15-02-2018,0.03999999910593033,0.03999999910593033,0,0.03999999910593033,0.03999999910593033,0.03999999910593033
16-02-2018,0.029999999329447746,0.029999999329447746,9600,0.03999999910593033,0.03999999910593033,0.03999999910593033
20-02-2018,0.03999999910593033,0.03999999910593033,0,0.03999999910593033,0.03999999910593033,0.03999999910593033
21-02-2018,0.03999999910593033,0.03999999910593033,0,0.03999999910593033,0.03999999910593033,0.03999999910593033
22-02-2018,0.03999999910593033,0.03999999910593033,0,0.03999999910593033,0.03999999910593033,0.03999999910593033
23-02-2018,0.029999999329447746,0.029999999329447746,3500,0.029999999329447746,0.029999999329447746,0.029999999329447746
26-02-2018,0.029999999329447746,0.029999999329447746,0,0.029999999329447746,0.029999999329447746,0.029999999329447746
27-02-2018,0.029999999329447746,0.029999999329447746,0,0.029999999329447746,0.029999999329447746,0.029999999329447746
28-02-2018,0.029999999329447746,0.029999999329447746,100,0.029999999329447746,0.029999999329447746,0.029999999329447746
01-03-2018,0.029999999329447746,0.029999999329447746,0,0.029999999329447746,0.029999999329447746,0.029999999329447746
02-03-2018,0.029999999329447746,0.029999999329447746,0,0.029999999329447746,0.029999999329447746,0.029999999329447746
05-03-2018,0.029999999329447746,0.029999999329447746,0,0.029999999329447746,0.029999999329447746,0.029999999329447746
06-03-2018,0.029999999329447746,0.029999999329447746,0,0.029999999329447746,0.029999999329447746,0.029999999329447746
07-03-2018,0.029999999329447746,0.029999999329447746,0,0.029999999329447746,0.029999999329447746,0.029999999329447746
08-03-2018,0.029999999329447746,0.029999999329447746,0,0.029999999329447746,0.029999999329447746,0.029999999329447746
09-03-2018,0.029999999329447746,0.029999999329447746,0,0.029999999329447746,0.029999999329447746,0.029999999329447746
12-03-2018,0.029999999329447746,0.029999999329447746,0,0.029999999329447746,0.029999999329447746,0.029999999329447746
13-03-2018,0.029999999329447746,0.029999999329447746,8000,0.029999999329447746,0.029999999329447746,0.029999999329447746
14-03-2018,0.029999999329447746,0.029999999329447746,0,0.029999999329447746,0.029999999329447746,0.029999999329447746
15-03-2018,0.029999999329447746,0.029999999329447746,0,0.029999999329447746,0.029999999329447746,0.029999999329447746
16-03-2018,0.029999999329447746,0.029999999329447746,6000,0.029999999329447746,0.029999999329447746,0.029999999329447746
19-03-2018,0.03999999910593033,0.03999999910593033,2000,0.03999999910593033,0.03999999910593033,0.03999999910593033
20-03-2018,0.03999999910593033,0.03999999910593033,0,0.03999999910593033,0.03999999910593033,0.03999999910593033
21-03-2018,0.05000000074505806,0.05000000074505806,1100,0.05000000074505806,0.05000000074505806,0.05000000074505806
22-03-2018,0.03999999910593033,0.05000000074505806,37000,0.05000000074505806,0.05000000074505806,0.05000000074505806
23-03-2018,0.05000000074505806,0.05000000074505806,27300,0.05000000074505806,0.05000000074505806,0.05000000074505806
26-03-2018,0.03999999910593033,0.03999999910593033,3000,0.03999999910593033,0.03999999910593033,0.03999999910593033
27-03-2018,0.03999999910593033,0.03999999910593033,0,0.03999999910593033,0.03999999910593033,0.03999999910593033
28-03-2018,0.03999999910593033,0.03999999910593033,0,0.03999999910593033,0.03999999910593033,0.03999999910593033
29-03-2018,0.03999999910593033,0.03999999910593033,0,0.03999999910593033,0.03999999910593033,0.03999999910593033
02-04-2018,0.03999999910593033,0.03999999910593033,0,0.03999999910593033,0.03999999910593033,0.03999999910593033
03-04-2018,0.019999999552965164,0.03999999910593033,91500,0.03999999910593033,0.029999999329447746,0.029999999329447746
04-04-2018,0.029999999329447746,0.029999999329447746,3000,0.029999999329447746,0.029999999329447746,0.029999999329447746
05-04-2018,0.019999999552965164,0.029999999329447746,15800,0.029999999329447746,0.019999999552965164,0.019999999552965164
06-04-2018,0.019999999552965164,0.019999999552965164,0,0.019999999552965164,0.019999999552965164,0.019999999552965164
09-04-2018,0.019999999552965164,0.019999999552965164,0,0.019999999552965164,0.019999999552965164,0.019999999552965164
10-04-2018,0.019999999552965164,0.019999999552965164,0,0.019999999552965164,0.019999999552965164,0.019999999552965164
11-04-2018,0.019999999552965164,0.019999999552965164,0,0.019999999552965164,0.019999999552965164,0.019999999552965164
12-04-2018,0.019999999552965164,0.029999999329447746,30000,0.03999999910593033,0.019999999552965164,0.019999999552965164
13-04-2018,0.019999999552965164,0.019999999552965164,0,0.019999999552965164,0.019999999552965164,0.019999999552965164
16-04-2018,0.019999999552965164,0.019999999552965164,0,0.019999999552965164,0.019999999552965164,0.019999999552965164
17-04-2018,0.019999999552965164,0.019999999552965164,0,0.019999999552965164,0.019999999552965164,0.019999999552965164
18-04-2018,0.019999999552965164,0.019999999552965164,0,0.019999999552965164,0.019999999552965164,0.019999999552965164
19-04-2018,0.019999999552965164,0.019999999552965164,0,0.019999999552965164,0.019999999552965164,0.019999999552965164
20-04-2018,0.019999999552965164,0.019999999552965164,0,0.019999999552965164,0.019999999552965164,0.019999999552965164
23-04-2018,0.019999999552965164,0.019999999552965164,0,0.019999999552965164,0.019999999552965164,0.019999999552965164
24-04-2018,0.019999999552965164,0.019999999552965164,0,0.019999999552965164,0.019999999552965164,0.019999999552965164
25-04-2018,0.019999999552965164,0.019999999552965164,0,0.019999999552965164,0.019999999552965164,0.019999999552965164
26-04-2018,0.019999999552965164,0.019999999552965164,0,0.019999999552965164,0.019999999552965164,0.019999999552965164
27-04-2018,0.019999999552965164,0.019999999552965164,0,0.019999999552965164,0.019999999552965164,0.019999999552965164
30-04-2018,0.019999999552965164,0.019999999552965164,0,0.019999999552965164,0.019999999552965164,0.019999999552965164
01-05-2018,0.019999999552965164,0.019999999552965164,300,0.019999999552965164,0.019999999552965164,0.019999999552965164
02-05-2018,0.019999999552965164,0.019999999552965164,0,0.019999999552965164,0.019999999552965164,0.019999999552965164
03-05-2018,0.019999999552965164,0.019999999552965164,0,0.019999999552965164,0.019999999552965164,0.019999999552965164
04-05-2018,0.019999999552965164,0.019999999552965164,100,0.019999999552965164,0.019999999552965164,0.019999999552965164
07-05-2018,0.019999999552965164,0.019999999552965164,139900,0.019999999552965164,0.019999999552965164,0.019999999552965164
08-05-2018,0.019999999552965164,0.029999999329447746,1000,0.029999999329447746,0.019999999552965164,0.019999999552965164
09-05-2018,0.019999999552965164,0.019999999552965164,0,0.019999999552965164,0.019999999552965164,0.019999999552965164
10-05-2018,0.019999999552965164,0.019999999552965164,0,0.019999999552965164,0.019999999552965164,0.019999999552965164
11-05-2018,0.019999999552965164,0.019999999552965164,1000,0.019999999552965164,0.019999999552965164,0.019999999552965164
14-05-2018,0.019999999552965164,0.019999999552965164,0,0.019999999552965164,0.019999999552965164,0.019999999552965164
15-05-2018,0.019999999552965164,0.019999999552965164,0,0.019999999552965164,0.019999999552965164,0.019999999552965164
16-05-2018,0.019999999552965164,0.019999999552965164,0,0.019999999552965164,0.019999999552965164,0.019999999552965164
17-05-2018,0.019999999552965164,0.019999999552965164,3000,0.019999999552965164,0.019999999552965164,0.019999999552965164
18-05-2018,0.019999999552965164,0.019999999552965164,0,0.019999999552965164,0.019999999552965164,0.019999999552965164
21-05-2018,0.019999999552965164,0.019999999552965164,0,0.019999999552965164,0.019999999552965164,0.019999999552965164
22-05-2018,0.019999999552965164,0.019999999552965164,0,0.019999999552965164,0.019999999552965164,0.019999999552965164
23-05-2018,0.019999999552965164,0.019999999552965164,0,0.019999999552965164,0.019999999552965164,0.019999999552965164
24-05-2018,0.019999999552965164,0.019999999552965164,0,0.019999999552965164,0.019999999552965164,0.019999999552965164
25-05-2018,0.019999999552965164,0.019999999552965164,0,0.019999999552965164,0.019999999552965164,0.019999999552965164
29-05-2018,0.029999999329447746,0.029999999329447746,300,0.029999999329447746,0.029999999329447746,0.029999999329447746
30-05-2018,0.029999999329447746,0.029999999329447746,300,0.029999999329447746,0.029999999329447746,0.029999999329447746
31-05-2018,0.029999999329447746,0.029999999329447746,0,0.029999999329447746,0.029999999329447746,0.029999999329447746
01-06-2018,0.029999999329447746,0.029999999329447746,0,0.029999999329447746,0.029999999329447746,0.029999999329447746
04-06-2018,0.029999999329447746,0.029999999329447746,0,0.029999999329447746,0.029999999329447746,0.029999999329447746
05-06-2018,0.029999999329447746,0.029999999329447746,0,0.029999999329447746,0.029999999329447746,0.029999999329447746
06-06-2018,0.029999999329447746,0.029999999329447746,0,0.029999999329447746,0.029999999329447746,0.029999999329447746
07-06-2018,0.019999999552965164,0.019999999552965164,4000,0.019999999552965164,0.019999999552965164,0.019999999552965164
08-06-2018,0.019999999552965164,0.019999999552965164,0,0.019999999552965164,0.019999999552965164,0.019999999552965164
11-06-2018,0.019999999552965164,0.019999999552965164,0,0.019999999552965164,0.019999999552965164,0.019999999552965164
12-06-2018,0.019999999552965164,0.019999999552965164,0,0.019999999552965164,0.019999999552965164,0.019999999552965164
13-06-2018,0.019999999552965164,0.019999999552965164,0,0.019999999552965164,0.019999999552965164,0.019999999552965164
14-06-2018,0.019999999552965164,0.019999999552965164,0,0.019999999552965164,0.019999999552965164,0.019999999552965164
15-06-2018,0.019999999552965164,0.019999999552965164,0,0.019999999552965164,0.019999999552965164,0.019999999552965164
18-06-2018,0.019999999552965164,0.019999999552965164,0,0.019999999552965164,0.019999999552965164,0.019999999552965164
19-06-2018,0.019999999552965164,0.019999999552965164,0,0.019999999552965164,0.019999999552965164,0.019999999552965164
20-06-2018,0.019999999552965164,0.019999999552965164,0,0.019999999552965164,0.019999999552965164,0.019999999552965164
21-06-2018,0.019999999552965164,0.019999999552965164,0,0.019999999552965164,0.019999999552965164,0.019999999552965164
22-06-2018,0.019999999552965164,0.019999999552965164,0,0.019999999552965164,0.019999999552965164,0.019999999552965164
25-06-2018,0.019999999552965164,0.019999999552965164,0,0.019999999552965164,0.019999999552965164,0.019999999552965164
26-06-2018,0.019999999552965164,0.019999999552965164,0,0.019999999552965164,0.019999999552965164,0.019999999552965164
27-06-2018,0.019999999552965164,0.019999999552965164,0,0.019999999552965164,0.019999999552965164,0.019999999552965164
28-06-2018,0.029999999329447746,0.029999999329447746,10900,0.029999999329447746,0.029999999329447746,0.029999999329447746
29-06-2018,0.029999999329447746,0.029999999329447746,0,0.029999999329447746,0.029999999329447746,0.029999999329447746
02-07-2018,0.029999999329447746,0.029999999329447746,13100,0.029999999329447746,0.029999999329447746,0.029999999329447746
03-07-2018,0.029999999329447746,0.029999999329447746,600,0.029999999329447746,0.029999999329447746,0.029999999329447746
05-07-2018,0.029999999329447746,0.029999999329447746,40000,0.029999999329447746,0.029999999329447746,0.029999999329447746
06-07-2018,0.029999999329447746,0.029999999329447746,0,0.029999999329447746,0.029999999329447746,0.029999999329447746
09-07-2018,0.029999999329447746,0.029999999329447746,2800,0.029999999329447746,0.029999999329447746,0.029999999329447746
10-07-2018,0.029999999329447746,0.029999999329447746,0,0.029999999329447746,0.029999999329447746,0.029999999329447746
11-07-2018,0.019999999552965164,0.029999999329447746,23100,0.029999999329447746,0.019999999552965164,0.019999999552965164
12-07-2018,0.019999999552965164,0.019999999552965164,0,0.019999999552965164,0.019999999552965164,0.019999999552965164
13-07-2018,0.019999999552965164,0.019999999552965164,0,0.019999999552965164,0.019999999552965164,0.019999999552965164
16-07-2018,0.019999999552965164,0.019999999552965164,0,0.019999999552965164,0.019999999552965164,0.019999999552965164
17-07-2018,0.019999999552965164,0.019999999552965164,0,0.019999999552965164,0.019999999552965164,0.019999999552965164
18-07-2018,0.019999999552965164,0.019999999552965164,0,0.019999999552965164,0.019999999552965164,0.019999999552965164
19-07-2018,0.029999999329447746,0.029999999329447746,4000,0.029999999329447746,0.029999999329447746,0.029999999329447746
20-07-2018,0.029999999329447746,0.029999999329447746,4400,0.029999999329447746,0.029999999329447746,0.029999999329447746
23-07-2018,0.029999999329447746,0.029999999329447746,0,0.029999999329447746,0.029999999329447746,0.029999999329447746
24-07-2018,0.029999999329447746,0.029999999329447746,0,0.029999999329447746,0.029999999329447746,0.029999999329447746
25-07-2018,0.019999999552965164,0.019999999552965164,6100,0.019999999552965164,0.019999999552965164,0.019999999552965164
26-07-2018,0.019999999552965164,0.019999999552965164,0,0.019999999552965164,0.019999999552965164,0.019999999552965164
27-07-2018,0.019999999552965164,0.019999999552965164,0,0.019999999552965164,0.019999999552965164,0.019999999552965164
30-07-2018,0.019999999552965164,0.019999999552965164,0,0.019999999552965164,0.019999999552965164,0.019999999552965164
31-07-2018,0.029999999329447746,0.029999999329447746,500,0.029999999329447746,0.029999999329447746,0.029999999329447746
01-08-2018,0.029999999329447746,0.029999999329447746,0,0.029999999329447746,0.029999999329447746,0.029999999329447746
02-08-2018,0.029999999329447746,0.029999999329447746,9800,0.029999999329447746,0.029999999329447746,0.029999999329447746
03-08-2018,0.029999999329447746,0.029999999329447746,0,0.029999999329447746,0.029999999329447746,0.029999999329447746
06-08-2018,0.029999999329447746,0.029999999329447746,0,0.029999999329447746,0.029999999329447746,0.029999999329447746
07-08-2018,0.029999999329447746,0.029999999329447746,0,0.029999999329447746,0.029999999329447746,0.029999999329447746
08-08-2018,0.029999999329447746,0.029999999329447746,0,0.029999999329447746,0.029999999329447746,0.029999999329447746
09-08-2018,0.029999999329447746,0.029999999329447746,100,0.029999999329447746,0.029999999329447746,0.029999999329447746
10-08-2018,0.029999999329447746,0.029999999329447746,0,0.029999999329447746,0.029999999329447746,0.029999999329447746
13-08-2018,0.019999999552965164,0.029999999329447746,21400,0.029999999329447746,0.019999999552965164,0.019999999552965164
14-08-2018,0.019999999552965164,0.019999999552965164,0,0.019999999552965164,0.019999999552965164,0.019999999552965164
15-08-2018,0.019999999552965164,0.019999999552965164,0,0.019999999552965164,0.019999999552965164,0.019999999552965164
16-08-2018,0.019999999552965164,0.029999999329447746,7100,0.029999999329447746,0.019999999552965164,0.019999999552965164
17-08-2018,0.019999999552965164,0.019999999552965164,0,0.019999999552965164,0.019999999552965164,0.019999999552965164
20-08-2018,0.019999999552965164,0.019999999552965164,0,0.019999999552965164,0.019999999552965164,0.019999999552965164
21-08-2018,0.019999999552965164,0.019999999552965164,3600,0.019999999552965164,0.019999999552965164,0.019999999552965164
22-08-2018,0.029999999329447746,0.029999999329447746,20000,0.029999999329447746,0.029999999329447746,0.029999999329447746
23-08-2018,0.029999999329447746,0.029999999329447746,0,0.029999999329447746,0.029999999329447746,0.029999999329447746
24-08-2018,0.029999999329447746,0.029999999329447746,0,0.029999999329447746,0.029999999329447746,0.029999999329447746
27-08-2018,0.029999999329447746,0.029999999329447746,0,0.029999999329447746,0.029999999329447746,0.029999999329447746
28-08-2018,0.029999999329447746,0.029999999329447746,2500,0.029999999329447746,0.029999999329447746,0.029999999329447746
29-08-2018,0.029999999329447746,0.029999999329447746,1800,0.029999999329447746,0.029999999329447746,0.029999999329447746
30-08-2018,0.029999999329447746,0.029999999329447746,0,0.029999999329447746,0.029999999329447746,0.029999999329447746
31-08-2018,0.019999999552965164,0.019999999552965164,10000,0.019999999552965164,0.019999999552965164,0.019999999552965164
04-09-2018,0.019999999552965164,0.019999999552965164,200,0.029999999329447746,0.029999999329447746,0.029999999329447746
05-09-2018,0.029999999329447746,0.029999999329447746,3000,0.029999999329447746,0.029999999329447746,0.029999999329447746
06-09-2018,0.029999999329447746,0.029999999329447746,1000,0.029999999329447746,0.029999999329447746,0.029999999329447746
07-09-2018,0.029999999329447746,0.029999999329447746,0,0.029999999329447746,0.029999999329447746,0.029999999329447746
10-09-2018,0.029999999329447746,0.029999999329447746,0,0.029999999329447746,0.029999999329447746,0.029999999329447746
11-09-2018,0.029999999329447746,0.029999999329447746,0,0.029999999329447746,0.029999999329447746,0.029999999329447746
12-09-2018,0.029999999329447746,0.029999999329447746,0,0.029999999329447746,0.029999999329447746,0.029999999329447746
13-09-2018,0.019999999552965164,0.019999999552965164,13700,0.029999999329447746,0.029999999329447746,0.029999999329447746
14-09-2018,0.029999999329447746,0.029999999329447746,9400,0.029999999329447746,0.029999999329447746,0.029999999329447746
17-09-2018,0.029999999329447746,0.029999999329447746,0,0.029999999329447746,0.029999999329447746,0.029999999329447746
18-09-2018,0.029999999329447746,0.03999999910593033,35800,0.03999999910593033,0.03999999910593033,0.03999999910593033
19-09-2018,0.03999999910593033,0.03999999910593033,1000,0.03999999910593033,0.03999999910593033,0.03999999910593033
20-09-2018,0.029999999329447746,0.029999999329447746,7900,0.03999999910593033,0.03999999910593033,0.03999999910593033
21-09-2018,0.03999999910593033,0.03999999910593033,44600,0.03999999910593033,0.03999999910593033,0.03999999910593033
24-09-2018,0.03999999910593033,0.03999999910593033,20000,0.03999999910593033,0.03999999910593033,0.03999999910593033
25-09-2018,0.05000000074505806,0.05000000074505806,10000,0.05000000074505806,0.05000000074505806,0.05000000074505806
26-09-2018,0.05000000074505806,0.05000000074505806,1500,0.05000000074505806,0.05000000074505806,0.05000000074505806
27-09-2018,0.05999999865889549,0.05999999865889549,700,0.05999999865889549,0.05999999865889549,0.05999999865889549
28-09-2018,0.07000000029802322,0.07999999821186066,15900,0.09000000357627869,0.07000000029802322,0.07000000029802322
01-10-2018,0.15000000596046448,0.20000000298023224,47200,0.20000000298023224,0.1899999976158142,0.1899999976158142
02-10-2018,0.17000000178813934,0.17000000178813934,4600,0.1899999976158142,0.17000000178813934,0.17000000178813934
03-10-2018,0.10000000149011612,0.1599999964237213,21300,0.1599999964237213,0.15000000596046448,0.15000000596046448
04-10-2018,0.10999999940395355,0.11999999731779099,19600,0.1599999964237213,0.1599999964237213,0.1599999964237213
05-10-2018,0.1599999964237213,0.1599999964237213,3600,0.1599999964237213,0.1599999964237213,0.1599999964237213
08-10-2018,0.11999999731779099,0.1899999976158142,2000,0.1899999976158142,0.11999999731779099,0.11999999731779099
09-10-2018,0.12999999523162842,0.15000000596046448,10000,0.15000000596046448,0.14000000059604645,0.14000000059604645
10-10-2018,0.14000000059604645,0.14000000059604645,20000,0.14000000059604645,0.14000000059604645,0.14000000059604645
11-10-2018,0.14000000059604645,0.14000000059604645,0,0.14000000059604645,0.14000000059604645,0.14000000059604645
12-10-2018,0.11999999731779099,0.1599999964237213,32900,0.23999999463558197,0.18000000715255737,0.18000000715255737
15-10-2018,0.11999999731779099,0.12999999523162842,13300,0.20000000298023224,0.15000000596046448,0.15000000596046448
16-10-2018,0.11999999731779099,0.11999999731779099,800,0.11999999731779099,0.11999999731779099,0.11999999731779099
17-10-2018,0.17000000178813934,0.20000000298023224,5700,0.20000000298023224,0.18000000715255737,0.18000000715255737
18-10-2018,0.20000000298023224,0.2199999988079071,27300,0.2199999988079071,0.20000000298023224,0.20000000298023224
19-10-2018,0.20000000298023224,0.23000000417232513,15800,0.27000001072883606,0.20000000298023224,0.20000000298023224
22-10-2018,0.11999999731779099,0.25,15700,0.25999999046325684,0.25999999046325684,0.25999999046325684
23-10-2018,0.1899999976158142,0.25,13300,0.25,0.1899999976158142,0.1899999976158142
24-10-2018,0.12999999523162842,0.12999999523162842,400,0.12999999523162842,0.12999999523162842,0.12999999523162842
25-10-2018,0.12999999523162842,0.12999999523162842,5600,0.15000000596046448,0.15000000596046448,0.15000000596046448
26-10-2018,0.18000000715255737,0.18000000715255737,20500,0.20000000298023224,0.20000000298023224,0.20000000298023224
29-10-2018,0.1899999976158142,0.20000000298023224,19200,0.23999999463558197,0.23999999463558197,0.23999999463558197
30-10-2018,0.23999999463558197,0.23999999463558197,5300,0.23999999463558197,0.23999999463558197,0.23999999463558197
31-10-2018,0.20000000298023224,0.23999999463558197,85500,0.28999999165534973,0.28999999165534973,0.28999999165534973
01-11-2018,0.2199999988079071,0.2800000011920929,1300,0.2800000011920929,0.2199999988079071,0.2199999988079071
02-11-2018,0.28999999165534973,0.30000001192092896,65600,0.3100000023841858,0.28999999165534973,0.28999999165534973
05-11-2018,0.3199999928474426,0.3199999928474426,93800,0.4300000071525574,0.33000001311302185,0.33000001311302185
06-11-2018,0.33000001311302185,0.33000001311302185,9900,0.3799999952316284,0.3799999952316284,0.3799999952316284
07-11-2018,0.3499999940395355,0.3499999940395355,110700,0.4699999988079071,0.4099999964237213,0.4099999964237213
08-11-2018,0.4000000059604645,0.4000000059604645,1100,0.4000000059604645,0.4000000059604645,0.4000000059604645
09-11-2018,0.4000000059604645,0.4099999964237213,6800,0.46000000834465027,0.4000000059604645,0.4000000059604645
12-11-2018,0.25,0.4300000071525574,15600,0.4300000071525574,0.30000001192092896,0.30000001192092896
13-11-2018,0.44999998807907104,0.44999998807907104,10300,0.44999998807907104,0.44999998807907104,0.44999998807907104
14-11-2018,0.44999998807907104,0.46000000834465027,45900,0.5,0.5,0.5
15-11-2018,0.33000001311302185,0.33000001311302185,40700,0.75,0.5299999713897705,0.5299999713897705
16-11-2018,0.550000011920929,0.75,15900,0.800000011920929,0.550000011920929,0.550000011920929
19-11-2018,0.550000011920929,0.75,10800,0.75,0.6000000238418579,0.6000000238418579
20-11-2018,0.550000011920929,0.6000000238418579,9100,0.6000000238418579,0.550000011920929,0.550000011920929
21-11-2018,0.5099999904632568,0.5099999904632568,10100,0.6000000238418579,0.550000011920929,0.550000011920929
23-11-2018,0.5099999904632568,0.5099999904632568,2500,0.5099999904632568,0.5099999904632568,0.5099999904632568
26-11-2018,0.47999998927116394,0.47999998927116394,7900,0.5,0.49000000953674316,0.49000000953674316
27-11-2018,0.3499999940395355,0.44999998807907104,22300,0.550000011920929,0.4000000059604645,0.4000000059604645
28-11-2018,0.30000001192092896,0.4399999976158142,39500,0.44999998807907104,0.3499999940395355,0.3499999940395355
29-11-2018,0.3199999928474426,0.3199999928474426,10900,0.47999998927116394,0.47999998927116394,0.47999998927116394
30-11-2018,0.49000000953674316,0.49000000953674316,100,0.49000000953674316,0.49000000953674316,0.49000000953674316
03-12-2018,0.15000000596046448,0.15000000596046448,16000,0.4000000059604645,0.25,0.25
04-12-2018,0.15000000596046448,0.25,22900,0.25999999046325684,0.2199999988079071,0.2199999988079071
06-12-2018,0.1899999976158142,0.20000000298023224,13400,0.25999999046325684,0.25999999046325684,0.25999999046325684
07-12-2018,0.27000001072883606,0.27000001072883606,2800,0.27000001072883606,0.27000001072883606,0.27000001072883606
10-12-2018,0.27000001072883606,0.27000001072883606,8000,0.3199999928474426,0.27000001072883606,0.27000001072883606
11-12-2018,0.30000001192092896,0.30000001192092896,1900,0.3100000023841858,0.3100000023841858,0.3100000023841858
12-12-2018,0.3199999928474426,0.3199999928474426,10000,0.3199999928474426,0.3199999928474426,0.3199999928474426
13-12-2018,0.27000001072883606,0.5699999928474426,21200,0.5699999928474426,0.3199999928474426,0.3199999928474426
14-12-2018,0.27000001072883606,0.3199999928474426,7600,0.3199999928474426,0.27000001072883606,0.27000001072883606
17-12-2018,0.3100000023841858,0.3100000023841858,11200,0.49000000953674316,0.49000000953674316,0.49000000953674316
18-12-2018,0.5,0.5,28100,0.699999988079071,0.699999988079071,0.699999988079071
19-12-2018,0.550000011920929,0.699999988079071,9400,0.699999988079071,0.6399999856948853,0.6399999856948853
20-12-2018,0.6000000238418579,0.6399999856948853,24500,0.699999988079071,0.699999988079071,0.699999988079071
21-12-2018,0.550000011920929,0.550000011920929,21900,0.75,0.699999988079071,0.699999988079071
24-12-2018,0.6299999952316284,0.75,13400,0.75,0.699999988079071,0.699999988079071
26-12-2018,0.6700000166893005,0.6700000166893005,4400,0.800000011920929,0.800000011920929,0.800000011920929
27-12-2018,0.5600000023841858,0.5600000023841858,38200,0.75,0.7200000286102295,0.7200000286102295
28-12-2018,0.699999988079071,0.699999988079071,2500,0.7300000190734863,0.7300000190734863,0.7300000190734863
31-12-2018,0.699999988079071,0.800000011920929,21900,0.8999999761581421,0.7699999809265137,0.7699999809265137
02-01-2019,0.7599999904632568,1.0,22800,1.0499999523162842,0.800000011920929,0.800000011920929
03-01-2019,0.75,0.75,3500,0.800000011920929,0.75,0.75
04-01-2019,0.6000000238418579,0.75,9600,0.75,0.6000000238418579,0.6000000238418579
07-01-2019,0.36000001430511475,0.550000011920929,47900,0.699999988079071,0.699999988079071,0.699999988079071
08-01-2019,0.5199999809265137,0.5199999809265137,16500,0.6499999761581421,0.6499999761581421,0.6499999761581421
09-01-2019,0.6499999761581421,0.699999988079071,8600,0.699999988079071,0.6499999761581421,0.6499999761581421
10-01-2019,0.6499999761581421,0.6499999761581421,0,0.6499999761581421,0.6499999761581421,0.6499999761581421
11-01-2019,0.7099999785423279,0.75,14400,0.8500000238418579,0.75,0.75
14-01-2019,0.6499999761581421,0.8500000238418579,12400,0.8500000238418579,0.8500000238418579,0.8500000238418579
15-01-2019,0.800000011920929,0.800000011920929,3000,0.8500000238418579,0.8500000238418579,0.8500000238418579
16-01-2019,0.6200000047683716,0.8500000238418579,23700,1.0499999523162842,0.949999988079071,0.949999988079071
17-01-2019,0.8500000238418579,0.9900000095367432,30600,1.0399999618530273,1.0,1.0
18-01-2019,0.949999988079071,1.0399999618530273,66400,2.0,1.0,1.0
22-01-2019,1.0499999523162842,1.0499999523162842,13000,1.1200000047683716,1.0800000429153442,1.0800000429153442
23-01-2019,1.0499999523162842,1.0800000429153442,3900,1.0800000429153442,1.0499999523162842,1.0499999523162842
24-01-2019,1.0399999618530273,1.0499999523162842,8600,1.100000023841858,1.100000023841858,1.100000023841858
25-01-2019,1.100000023841858,1.100000023841858,23400,1.1699999570846558,1.1699999570846558,1.1699999570846558
28-01-2019,1.149999976158142,1.1699999570846558,62200,1.2899999618530273,1.25,1.25
29-01-2019,1.2999999523162842,1.2999999523162842,38100,1.5,1.399999976158142,1.399999976158142
30-01-2019,1.399999976158142,1.440000057220459,107300,2.5,1.9500000476837158,1.9500000476837158
31-01-2019,2.059999942779541,2.0899999141693115,156200,4.889999866485596,2.5399999618530273,2.5399999618530273
01-02-2019,2.549999952316284,2.549999952316284,96700,4.0,3.1500000953674316,3.1500000953674316
04-02-2019,2.1500000953674316,3.4000000953674316,120100,3.700000047683716,2.190000057220459,2.190000057220459
05-02-2019,1.2000000476837158,2.200000047683716,157500,2.25,1.649999976158142,1.649999976158142
06-02-2019,1.6699999570846558,1.6699999570846558,60100,2.240000009536743,2.0,2.0
07-02-2019,1.5,1.850000023841858,9300,1.850000023841858,1.7400000095367432,1.7400000095367432
08-02-2019,1.5499999523162842,1.5499999523162842,35900,2.0,1.649999976158142,1.649999976158142
11-02-2019,1.7000000476837158,1.8300000429153442,14200,1.8300000429153442,1.7000000476837158,1.7000000476837158
12-02-2019,1.6699999570846558,1.7000000476837158,19400,2.0,1.7999999523162842,1.7999999523162842
13-02-2019,1.600000023841858,1.6699999570846558,44700,1.75,1.7000000476837158,1.7000000476837158
14-02-2019,1.600000023841858,1.6699999570846558,6700,1.6699999570846558,1.649999976158142,1.649999976158142
15-02-2019,1.5299999713897705,1.649999976158142,13900,1.7999999523162842,1.5299999713897705,1.5299999713897705
19-02-2019,1.059999942779541,1.5199999809265137,18300,1.5299999713897705,1.2000000476837158,1.2000000476837158
20-02-2019,0.9800000190734863,1.1299999952316284,36600,1.2000000476837158,1.0,1.0
21-02-2019,0.75,0.9300000071525574,26900,1.0,0.800000011920929,0.800000011920929
22-02-2019,0.699999988079071,0.7699999809265137,31700,0.8500000238418579,0.699999988079071,0.699999988079071
25-02-2019,0.7099999785423279,0.7099999785423279,19000,0.800000011920929,0.75,0.75
26-02-2019,0.75,0.75,0,0.75,0.75,0.75
27-02-2019,0.6499999761581421,0.8500000238418579,9100,0.8500000238418579,0.8399999737739563,0.8399999737739563
28-02-2019,0.6499999761581421,0.800000011920929,3400,0.8299999833106995,0.8299999833106995,0.8299999833106995
01-03-2019,0.6499999761581421,0.800000011920929,31400,1.0,0.9700000286102295,0.9700000286102295
04-03-2019,0.5,0.8899999856948853,164800,0.8899999856948853,0.5299999713897705,0.5299999713897705
05-03-2019,0.4099999964237213,0.6000000238418579,52700,0.7900000214576721,0.6299999952316284,0.6299999952316284
06-03-2019,0.41999998688697815,0.6100000143051147,20600,0.6100000143051147,0.44999998807907104,0.44999998807907104
07-03-2019,0.4000000059604645,0.44999998807907104,20900,0.5299999713897705,0.4300000071525574,0.4300000071525574
08-03-2019,0.30000001192092896,0.4000000059604645,55000,0.41999998688697815,0.30000001192092896,0.30000001192092896
11-03-2019,0.12999999523162842,0.30000001192092896,19600,0.5099999904632568,0.44999998807907104,0.44999998807907104
12-03-2019,0.38999998569488525,0.44999998807907104,13900,0.5,0.5,0.5
13-03-2019,0.4000000059604645,0.44999998807907104,28100,0.5,0.49000000953674316,0.49000000953674316
14-03-2019,0.4399999976158142,0.5,5200,0.5,0.49000000953674316,0.49000000953674316
15-03-2019,0.4399999976158142,0.49000000953674316,3200,0.49000000953674316,0.4399999976158142,0.4399999976158142
18-03-2019,0.2199999988079071,0.3700000047683716,42300,0.4399999976158142,0.3700000047683716,0.3700000047683716
19-03-2019,0.38999998569488525,0.38999998569488525,24200,0.47999998927116394,0.4699999988079071,0.4699999988079071
20-03-2019,0.4000000059604645,0.4699999988079071,3500,0.4699999988079071,0.4399999976158142,0.4399999976158142
21-03-2019,0.4399999976158142,0.4399999976158142,3100,0.49000000953674316,0.49000000953674316,0.49000000953674316
22-03-2019,0.4099999964237213,0.44999998807907104,1700,0.47999998927116394,0.4099999964237213,0.4099999964237213
25-03-2019,0.49000000953674316,0.49000000953674316,22200,0.7400000095367432,0.5099999904632568,0.5099999904632568
26-03-2019,0.5099999904632568,0.5099999904632568,5800,0.5199999809265137,0.5099999904632568,0.5099999904632568
27-03-2019,0.4000000059604645,0.44999998807907104,31300,0.44999998807907104,0.4300000071525574,0.4300000071525574
28-03-2019,0.36000001430511475,0.3700000047683716,8800,0.47999998927116394,0.44999998807907104,0.44999998807907104
29-03-2019,0.27000001072883606,0.4000000059604645,28600,0.5099999904632568,0.5099999904632568,0.5099999904632568
01-04-2019,0.28999999165534973,0.4000000059604645,5400,0.5,0.5,0.5
02-04-2019,0.25999999046325684,0.30000001192092896,76500,0.47999998927116394,0.44999998807907104,0.44999998807907104
03-04-2019,0.28999999165534973,0.30000001192092896,35000,0.4300000071525574,0.3199999928474426,0.3199999928474426
04-04-2019,0.27000001072883606,0.28999999165534973,32400,0.33000001311302185,0.3199999928474426,0.3199999928474426
05-04-2019,0.14000000059604645,0.25999999046325684,94500,0.30000001192092896,0.23999999463558197,0.23999999463558197
08-04-2019,0.2199999988079071,0.23999999463558197,9800,0.23999999463558197,0.23999999463558197,0.23999999463558197
09-04-2019,0.18000000715255737,0.2800000011920929,18200,0.2800000011920929,0.27000001072883606,0.27000001072883606
10-04-2019,0.23999999463558197,0.23999999463558197,2800,0.30000001192092896,0.28999999165534973,0.28999999165534973
11-04-2019,0.23000000417232513,0.2800000011920929,9400,0.28999999165534973,0.27000001072883606,0.27000001072883606
12-04-2019,0.1899999976158142,0.1899999976158142,5100,0.25999999046325684,0.25999999046325684,0.25999999046325684
15-04-2019,0.14000000059604645,0.14000000059604645,19700,0.25,0.20000000298023224,0.20000000298023224
16-04-2019,0.23999999463558197,0.27000001072883606,600,0.27000001072883606,0.23999999463558197,0.23999999463558197
17-04-2019,0.12999999523162842,0.12999999523162842,4200,0.20000000298023224,0.20000000298023224,0.20000000298023224
18-04-2019,0.14000000059604645,0.17000000178813934,3200,0.20000000298023224,0.1899999976158142,0.1899999976158142
22-04-2019,0.14000000059604645,0.18000000715255737,3400,0.27000001072883606,0.27000001072883606,0.27000001072883606
23-04-2019,0.3799999952316284,0.3799999952316284,1500,0.3799999952316284,0.3799999952316284,0.3799999952316284
24-04-2019,0.1599999964237213,0.1599999964237213,9700,0.25,0.23999999463558197,0.23999999463558197
25-04-2019,0.20000000298023224,0.20000000298023224,9200,0.27000001072883606,0.27000001072883606,0.27000001072883606
26-04-2019,0.27000001072883606,0.27000001072883606,0,0.27000001072883606,0.27000001072883606,0.27000001072883606
29-04-2019,0.3100000023841858,0.3400000035762787,500,0.3400000035762787,0.3100000023841858,0.3100000023841858
30-04-2019,0.1599999964237213,0.1599999964237213,6900,0.27000001072883606,0.25,0.25
01-05-2019,0.23000000417232513,0.23000000417232513,6000,0.2800000011920929,0.27000001072883606,0.27000001072883606
02-05-2019,0.27000001072883606,0.36000001430511475,4100,0.36000001430511475,0.27000001072883606,0.27000001072883606
03-05-2019,0.27000001072883606,0.27000001072883606,0,0.27000001072883606,0.27000001072883606,0.27000001072883606
06-05-2019,0.1599999964237213,0.2199999988079071,5900,0.3199999928474426,0.3199999928474426,0.3199999928474426
07-05-2019,0.20000000298023224,0.20000000298023224,5900,0.20000000298023224,0.20000000298023224,0.20000000298023224
08-05-2019,0.20000000298023224,0.20000000298023224,6300,0.20000000298023224,0.20000000298023224,0.20000000298023224
09-05-2019,0.1599999964237213,0.1899999976158142,25700,0.20000000298023224,0.20000000298023224,0.20000000298023224
10-05-2019,0.25999999046325684,0.30000001192092896,200,0.30000001192092896,0.25999999046325684,0.25999999046325684
13-05-2019,0.25999999046325684,0.25999999046325684,0,0.25999999046325684,0.25999999046325684,0.25999999046325684
14-05-2019,0.27000001072883606,0.27000001072883606,100,0.27000001072883606,0.27000001072883606,0.27000001072883606
15-05-2019,0.27000001072883606,0.27000001072883606,0,0.27000001072883606,0.27000001072883606,0.27000001072883606
16-05-2019,0.27000001072883606,0.27000001072883606,0,0.27000001072883606,0.27000001072883606,0.27000001072883606
17-05-2019,0.23999999463558197,0.23999999463558197,2100,0.2800000011920929,0.2800000011920929,0.2800000011920929
20-05-2019,0.1599999964237213,0.1599999964237213,3100,0.30000001192092896,0.30000001192092896,0.30000001192092896
21-05-2019,0.17000000178813934,0.28999999165534973,10600,0.28999999165534973,0.2800000011920929,0.2800000011920929
22-05-2019,0.17000000178813934,0.28999999165534973,4300,0.28999999165534973,0.28999999165534973,0.28999999165534973
23-05-2019,0.28999999165534973,0.28999999165534973,0,0.28999999165534973,0.28999999165534973,0.28999999165534973
24-05-2019,0.2199999988079071,0.2199999988079071,700,0.23999999463558197,0.23999999463558197,0.23999999463558197
28-05-2019,0.1599999964237213,0.1599999964237213,1500,0.25,0.25,0.25
29-05-2019,0.2199999988079071,0.2199999988079071,1000,0.25,0.25,0.25
30-05-2019,0.25,0.25,0,0.25,0.25,0.25
31-05-2019,0.1599999964237213,0.1599999964237213,2100,0.25,0.25,0.25
03-06-2019,0.18000000715255737,0.18000000715255737,1200,0.25,0.25,0.25
04-06-2019,0.25,0.25,0,0.25,0.25,0.25
05-06-2019,0.25,0.25,0,0.25,0.25,0.25
06-06-2019,0.18000000715255737,0.20999999344348907,3300,0.23000000417232513,0.23000000417232513,0.23000000417232513
07-06-2019,0.18000000715255737,0.18000000715255737,1600,0.25,0.23000000417232513,0.23000000417232513
10-06-2019,0.1599999964237213,0.25,14800,0.25,0.1599999964237213,0.1599999964237213
11-06-2019,0.15000000596046448,0.20000000298023224,27600,0.20000000298023224,0.15000000596046448,0.15000000596046448
12-06-2019,0.09000000357627869,0.14000000059604645,99100,0.15000000596046448,0.10000000149011612,0.10000000149011612
13-06-2019,0.05999999865889549,0.10000000149011612,31000,0.10000000149011612,0.10000000149011612,0.10000000149011612
14-06-2019,0.10000000149011612,0.10000000149011612,8600,0.10000000149011612,0.10000000149011612,0.10000000149011612
17-06-2019,0.05999999865889549,0.15000000596046448,33300,0.15000000596046448,0.05999999865889549,0.05999999865889549
18-06-2019,0.05999999865889549,0.05999999865889549,30300,0.14000000059604645,0.14000000059604645,0.14000000059604645
19-06-2019,0.029999999329447746,0.14000000059604645,24100,0.14000000059604645,0.10000000149011612,0.10000000149011612
20-06-2019,0.05000000074505806,0.05000000074505806,29600,0.12999999523162842,0.12999999523162842,0.12999999523162842
21-06-2019,0.05999999865889549,0.05999999865889549,4700,0.10999999940395355,0.05999999865889549,0.05999999865889549
24-06-2019,0.05999999865889549,0.05999999865889549,2500,0.15000000596046448,0.11999999731779099,0.11999999731779099
25-06-2019,0.07000000029802322,0.15000000596046448,500,0.15000000596046448,0.07000000029802322,0.07000000029802322
26-06-2019,0.12999999523162842,0.12999999523162842,300,0.12999999523162842,0.12999999523162842,0.12999999523162842
27-06-2019,0.07000000029802322,0.07999999821186066,5600,0.10999999940395355,0.10999999940395355,0.10999999940395355
28-06-2019,0.10999999940395355,0.10999999940395355,0,0.10999999940395355,0.10999999940395355,0.10999999940395355
01-07-2019,0.10999999940395355,0.10999999940395355,33600,0.11999999731779099,0.11999999731779099,0.11999999731779099
02-07-2019,0.07999999821186066,0.11999999731779099,4200,0.11999999731779099,0.07999999821186066,0.07999999821186066
03-07-2019,0.10000000149011612,0.10000000149011612,3900,0.11999999731779099,0.11999999731779099,0.11999999731779099
05-07-2019,0.11999999731779099,0.11999999731779099,800,0.11999999731779099,0.11999999731779099,0.11999999731779099
08-07-2019,0.05000000074505806,0.05000000074505806,900,0.10000000149011612,0.10000000149011612,0.10000000149011612
09-07-2019,0.10000000149011612,0.10000000149011612,1000,0.10000000149011612,0.10000000149011612,0.10000000149011612
10-07-2019,0.10000000149011612,0.10000000149011612,0,0.10000000149011612,0.10000000149011612,0.10000000149011612
11-07-2019,0.05999999865889549,0.07999999821186066,45900,0.10000000149011612,0.10000000149011612,0.10000000149011612
12-07-2019,0.10000000149011612,0.10000000149011612,1000,0.10000000149011612,0.10000000149011612,0.10000000149011612
15-07-2019,0.05000000074505806,0.05000000074505806,21600,0.10000000149011612,0.09000000357627869,0.09000000357627869
16-07-2019,0.05999999865889549,0.05999999865889549,21000,0.09000000357627869,0.09000000357627869,0.09000000357627869
17-07-2019,0.09000000357627869,0.09000000357627869,26100,0.09000000357627869,0.09000000357627869,0.09000000357627869
18-07-2019,0.07999999821186066,0.09000000357627869,17000,0.09000000357627869,0.07999999821186066,0.07999999821186066
19-07-2019,0.05000000074505806,0.07000000029802322,25400,0.14000000059604645,0.05000000074505806,0.05000000074505806
22-07-2019,0.05000000074505806,0.05000000074505806,11300,0.14000000059604645,0.14000000059604645,0.14000000059604645
23-07-2019,0.14000000059604645,0.14000000059604645,0,0.14000000059604645,0.14000000059604645,0.14000000059604645
24-07-2019,0.03999999910593033,0.03999999910593033,5100,0.12999999523162842,0.12999999523162842,0.12999999523162842
25-07-2019,0.12999999523162842,0.12999999523162842,500,0.12999999523162842,0.12999999523162842,0.12999999523162842
26-07-2019,0.05999999865889549,0.05999999865889549,12400,0.11999999731779099,0.11999999731779099,0.11999999731779099
29-07-2019,0.10000000149011612,0.10000000149011612,300,0.11999999731779099,0.11999999731779099,0.11999999731779099
30-07-2019,0.10999999940395355,0.10999999940395355,900,0.11999999731779099,0.11999999731779099,0.11999999731779099
31-07-2019,0.05999999865889549,0.14000000059604645,11900,0.14000000059604645,0.10999999940395355,0.10999999940395355
01-08-2019,0.14000000059604645,0.14000000059604645,1000,0.14000000059604645,0.14000000059604645,0.14000000059604645
02-08-2019,0.10999999940395355,0.14000000059604645,5600,0.14000000059604645,0.11999999731779099,0.11999999731779099
05-08-2019,0.14000000059604645,0.14000000059604645,400,0.14000000059604645,0.14000000059604645,0.14000000059604645
06-08-2019,0.05999999865889549,0.14000000059604645,1600,0.14000000059604645,0.14000000059604645,0.14000000059604645
07-08-2019,0.12999999523162842,0.12999999523162842,700,0.12999999523162842,0.12999999523162842,0.12999999523162842
08-08-2019,0.05999999865889549,0.05999999865889549,800,0.14000000059604645,0.14000000059604645,0.14000000059604645
09-08-2019,0.05000000074505806,0.05000000074505806,17800,0.14000000059604645,0.07999999821186066,0.07999999821186066
12-08-2019,0.07999999821186066,0.07999999821186066,0,0.07999999821186066,0.07999999821186066,0.07999999821186066
13-08-2019,0.05999999865889549,0.05999999865889549,200,0.05999999865889549,0.05999999865889549,0.05999999865889549
14-08-2019,0.05999999865889549,0.14000000059604645,3000,0.14000000059604645,0.05999999865889549,0.05999999865889549
15-08-2019,0.05999999865889549,0.12999999523162842,2100,0.12999999523162842,0.05999999865889549,0.05999999865889549
16-08-2019,0.05999999865889549,0.05999999865889549,0,0.05999999865889549,0.05999999865889549,0.05999999865889549
19-08-2019,0.05999999865889549,0.10000000149011612,6400,0.10000000149011612,0.07000000029802322,0.07000000029802322
20-08-2019,0.07000000029802322,0.07000000029802322,4900,0.07000000029802322,0.07000000029802322,0.07000000029802322
21-08-2019,0.07000000029802322,0.07000000029802322,0,0.07000000029802322,0.07000000029802322,0.07000000029802322
22-08-2019,0.07000000029802322,0.07000000029802322,0,0.07000000029802322,0.07000000029802322,0.07000000029802322
23-08-2019,0.05999999865889549,0.05999999865889549,300,0.10000000149011612,0.10000000149011612,0.10000000149011612
26-08-2019,0.10000000149011612,0.10000000149011612,0,0.10000000149011612,0.10000000149011612,0.10000000149011612
27-08-2019,0.10000000149011612,0.10000000149011612,0,0.10000000149011612,0.10000000149011612,0.10000000149011612
28-08-2019,0.10000000149011612,0.10000000149011612,1000,0.10000000149011612,0.10000000149011612,0.10000000149011612
29-08-2019,0.10000000149011612,0.10000000149011612,0,0.10000000149011612,0.10000000149011612,0.10000000149011612
30-08-2019,0.05999999865889549,0.05999999865889549,700,0.09000000357627869,0.09000000357627869,0.09000000357627869
03-09-2019,0.09000000357627869,0.09000000357627869,0,0.09000000357627869,0.09000000357627869,0.09000000357627869
04-09-2019,0.05000000074505806,0.05000000074505806,13300,0.10000000149011612,0.10000000149011612,0.10000000149011612
05-09-2019,0.10000000149011612,0.10000000149011612,2000,0.10000000149011612,0.10000000149011612,0.10000000149011612
06-09-2019,0.05999999865889549,0.07999999821186066,22000,0.10000000149011612,0.10000000149011612,0.10000000149011612
09-09-2019,0.05999999865889549,0.05999999865889549,5000,0.10000000149011612,0.10000000149011612,0.10000000149011612
10-09-2019,0.10000000149011612,0.10000000149011612,0,0.10000000149011612,0.10000000149011612,0.10000000149011612
11-09-2019,0.10000000149011612,0.10000000149011612,0,0.10000000149011612,0.10000000149011612,0.10000000149011612
12-09-2019,0.05999999865889549,0.05999999865889549,100,0.05999999865889549,0.05999999865889549,0.05999999865889549
13-09-2019,0.07999999821186066,0.07999999821186066,100,0.07999999821186066,0.07999999821186066,0.07999999821186066
16-09-2019,0.07999999821186066,0.07999999821186066,0,0.07999999821186066,0.07999999821186066,0.07999999821186066
17-09-2019,0.07999999821186066,0.07999999821186066,0,0.07999999821186066,0.07999999821186066,0.07999999821186066
18-09-2019,0.07999999821186066,0.07999999821186066,0,0.07999999821186066,0.07999999821186066,0.07999999821186066
19-09-2019,0.10000000149011612,0.10000000149011612,2000,0.10000000149011612,0.10000000149011612,0.10000000149011612
20-09-2019,0.10000000149011612,0.10000000149011612,0,0.10000000149011612,0.10000000149011612,0.10000000149011612
23-09-2019,0.09000000357627869,0.09000000357627869,2000,0.09000000357627869,0.09000000357627869,0.09000000357627869
24-09-2019,0.07999999821186066,0.07999999821186066,2000,0.10000000149011612,0.10000000149011612,0.10000000149011612
25-09-2019,0.10000000149011612,0.10000000149011612,0,0.10000000149011612,0.10000000149011612,0.10000000149011612
26-09-2019,0.10000000149011612,0.10000000149011612,400,0.10000000149011612,0.10000000149011612,0.10000000149011612
27-09-2019,0.09000000357627869,0.09000000357627869,10100,0.10000000149011612,0.10000000149011612,0.10000000149011612
30-09-2019,0.09000000357627869,0.09000000357627869,100,0.09000000357627869,0.09000000357627869,0.09000000357627869
01-10-2019,0.09000000357627869,0.09000000357627869,0,0.09000000357627869,0.09000000357627869,0.09000000357627869
02-10-2019,0.09000000357627869,0.09000000357627869,3600,0.09000000357627869,0.09000000357627869,0.09000000357627869
03-10-2019,0.05999999865889549,0.10999999940395355,300,0.10999999940395355,0.05999999865889549,0.05999999865889549
04-10-2019,0.05999999865889549,0.05999999865889549,0,0.05999999865889549,0.05999999865889549,0.05999999865889549
07-10-2019,0.05999999865889549,0.05999999865889549,0,0.05999999865889549,0.05999999865889549,0.05999999865889549
08-10-2019,0.05999999865889549,0.05999999865889549,0,0.05999999865889549,0.05999999865889549,0.05999999865889549
09-10-2019,0.05999999865889549,0.05999999865889549,2400,0.05999999865889549,0.05999999865889549,0.05999999865889549
10-10-2019,0.07000000029802322,0.07000000029802322,300,0.07000000029802322,0.07000000029802322,0.07000000029802322
11-10-2019,0.07999999821186066,0.07999999821186066,14600,0.10000000149011612,0.10000000149011612,0.10000000149011612
14-10-2019,0.10000000149011612,0.10000000149011612,0,0.10000000149011612,0.10000000149011612,0.10000000149011612
15-10-2019,0.10000000149011612,0.10000000149011612,1000,0.10000000149011612,0.10000000149011612,0.10000000149011612
16-10-2019,0.10000000149011612,0.10000000149011612,0,0.10000000149011612,0.10000000149011612,0.10000000149011612
17-10-2019,0.10000000149011612,0.10000000149011612,0,0.10000000149011612,0.10000000149011612,0.10000000149011612
18-10-2019,0.10000000149011612,0.10000000149011612,0,0.10000000149011612,0.10000000149011612,0.10000000149011612
21-10-2019,0.05999999865889549,0.05999999865889549,1100,0.10000000149011612,0.10000000149011612,0.10000000149011612
22-10-2019,0.05999999865889549,0.05999999865889549,1000,0.05999999865889549,0.05999999865889549,0.05999999865889549
23-10-2019,0.07999999821186066,0.07999999821186066,100,0.07999999821186066,0.07999999821186066,0.07999999821186066
24-10-2019,0.07999999821186066,0.07999999821186066,100,0.07999999821186066,0.07999999821186066,0.07999999821186066
25-10-2019,0.07999999821186066,0.07999999821186066,0,0.07999999821186066,0.07999999821186066,0.07999999821186066
28-10-2019,0.05999999865889549,0.05999999865889549,3000,0.10000000149011612,0.10000000149011612,0.10000000149011612
29-10-2019,0.10000000149011612,0.10000000149011612,500,0.10000000149011612,0.10000000149011612,0.10000000149011612
30-10-2019,0.05999999865889549,0.05999999865889549,1200,0.10000000149011612,0.10000000149011612,0.10000000149011612
31-10-2019,0.10000000149011612,0.10000000149011612,2200,0.10000000149011612,0.10000000149011612,0.10000000149011612
01-11-2019,0.10000000149011612,0.10000000149011612,0,0.10000000149011612,0.10000000149011612,0.10000000149011612
04-11-2019,0.10000000149011612,0.10000000149011612,0,0.10000000149011612,0.10000000149011612,0.10000000149011612
05-11-2019,0.10000000149011612,0.10000000149011612,1500,0.10000000149011612,0.10000000149011612,0.10000000149011612
06-11-2019,0.05000000074505806,0.05000000074505806,600,0.10000000149011612,0.10000000149011612,0.10000000149011612
07-11-2019,0.10000000149011612,0.10000000149011612,1200,0.10000000149011612,0.10000000149011612,0.10000000149011612
08-11-2019,0.03999999910593033,0.03999999910593033,1600,0.05000000074505806,0.05000000074505806,0.05000000074505806
11-11-2019,0.03999999910593033,0.10000000149011612,41000,0.10000000149011612,0.09000000357627869,0.09000000357627869
12-11-2019,0.03999999910593033,0.05000000074505806,7300,0.10000000149011612,0.10000000149011612,0.10000000149011612
13-11-2019,0.05000000074505806,0.05999999865889549,2800,0.07999999821186066,0.07999999821186066,0.07999999821186066
14-11-2019,0.03999999910593033,0.10000000149011612,3200,0.10000000149011612,0.07999999821186066,0.07999999821186066
15-11-2019,0.05000000074505806,0.05000000074505806,800,0.10000000149011612,0.10000000149011612,0.10000000149011612
18-11-2019,0.05000000074505806,0.10999999940395355,1800,0.10999999940395355,0.10000000149011612,0.10000000149011612
19-11-2019,0.05000000074505806,0.05000000074505806,3100,0.10000000149011612,0.10000000149011612,0.10000000149011612
20-11-2019,0.05000000074505806,0.05000000074505806,1700,0.10000000149011612,0.10000000149011612,0.10000000149011612
21-11-2019,0.05000000074505806,0.05000000074505806,400,0.10000000149011612,0.05000000074505806,0.05000000074505806
22-11-2019,0.05000000074505806,0.05999999865889549,4400,0.10000000149011612,0.05999999865889549,0.05999999865889549
25-11-2019,0.05000000074505806,0.05000000074505806,5200,0.10000000149011612,0.05999999865889549,0.05999999865889549
26-11-2019,0.05000000074505806,0.05000000074505806,5000,0.10000000149011612,0.10000000149011612,0.10000000149011612
27-11-2019,0.07000000029802322,0.07000000029802322,500,0.07000000029802322,0.07000000029802322,0.07000000029802322
29-11-2019,0.10000000149011612,0.10000000149011612,100,0.10000000149011612,0.10000000149011612,0.10000000149011612
02-12-2019,0.05000000074505806,0.05000000074505806,800,0.05999999865889549,0.05999999865889549,0.05999999865889549
03-12-2019,0.05000000074505806,0.07000000029802322,12200,0.10000000149011612,0.05999999865889549,0.05999999865889549
04-12-2019,0.10000000149011612,0.10000000149011612,100,0.10000000149011612,0.10000000149011612,0.10000000149011612
05-12-2019,0.05000000074505806,0.05000000074505806,8600,0.10000000149011612,0.10000000149011612,0.10000000149011612
06-12-2019,0.05000000074505806,0.07999999821186066,8400,0.10000000149011612,0.09000000357627869,0.09000000357627869
09-12-2019,0.05000000074505806,0.05000000074505806,18800,0.10000000149011612,0.10000000149011612,0.10000000149011612
10-12-2019,0.05000000074505806,0.05000000074505806,5200,0.10000000149011612,0.09000000357627869,0.09000000357627869
11-12-2019,0.09000000357627869,0.09000000357627869,1000,0.09000000357627869,0.09000000357627869,0.09000000357627869
12-12-2019,0.09000000357627869,0.09000000357627869,0,0.09000000357627869,0.09000000357627869,0.09000000357627869
13-12-2019,0.05000000074505806,0.05000000074505806,1600,0.10000000149011612,0.10000000149011612,0.10000000149011612
16-12-2019,0.09000000357627869,0.10000000149011612,300,0.10000000149011612,0.09000000357627869,0.09000000357627869
17-12-2019,0.05000000074505806,0.10000000149011612,20800,0.10000000149011612,0.10000000149011612,0.10000000149011612
18-12-2019,0.10000000149011612,0.10000000149011612,10000,0.10000000149011612,0.10000000149011612,0.10000000149011612
19-12-2019,0.10000000149011612,0.10000000149011612,0,0.10000000149011612,0.10000000149011612,0.10000000149011612
20-12-2019,0.05000000074505806,0.05000000074505806,1600,0.10000000149011612,0.10000000149011612,0.10000000149011612
23-12-2019,0.05000000074505806,0.10000000149011612,4800,0.10000000149011612,0.10000000149011612,0.10000000149011612
24-12-2019,0.05000000074505806,0.05000000074505806,6300,0.05000000074505806,0.05000000074505806,0.05000000074505806
26-12-2019,0.05000000074505806,0.10000000149011612,9500,0.10000000149011612,0.05000000074505806,0.05000000074505806
27-12-2019,0.05000000074505806,0.10000000149011612,24200,0.10000000149011612,0.10000000149011612,0.10000000149011612
30-12-2019,0.05000000074505806,0.10000000149011612,8500,0.10000000149011612,0.05999999865889549,0.05999999865889549
31-12-2019,0.05000000074505806,0.10000000149011612,7000,0.10000000149011612,0.05000000074505806,0.05000000074505806
02-01-2020,0.05000000074505806,0.10999999940395355,18200,0.10999999940395355,0.05000000074505806,0.05000000074505806
03-01-2020,0.10000000149011612,0.10000000149011612,200,0.10000000149011612,0.10000000149011612,0.10000000149011612
06-01-2020,0.10000000149011612,0.10000000149011612,0,0.10000000149011612,0.10000000149011612,0.10000000149011612
07-01-2020,0.05999999865889549,0.05999999865889549,1100,0.10000000149011612,0.10000000149011612,0.10000000149011612
08-01-2020,0.10000000149011612,0.10000000149011612,3500,0.10000000149011612,0.10000000149011612,0.10000000149011612
09-01-2020,0.05000000074505806,0.05999999865889549,5200,0.10000000149011612,0.10000000149011612,0.10000000149011612
10-01-2020,0.10000000149011612,0.10000000149011612,0,0.10000000149011612,0.10000000149011612,0.10000000149011612
13-01-2020,0.05000000074505806,0.10000000149011612,21300,0.10000000149011612,0.10000000149011612,0.10000000149011612
14-01-2020,0.05000000074505806,0.10000000149011612,3500,0.10000000149011612,0.10000000149011612,0.10000000149011612
15-01-2020,0.10000000149011612,0.10000000149011612,0,0.10000000149011612,0.10000000149011612,0.10000000149011612
16-01-2020,0.05000000074505806,0.05000000074505806,1200,0.10000000149011612,0.10000000149011612,0.10000000149011612
17-01-2020,0.07999999821186066,0.09000000357627869,400,0.10000000149011612,0.10000000149011612,0.10000000149011612
21-01-2020,0.10000000149011612,0.10000000149011612,100,0.10000000149011612,0.10000000149011612,0.10000000149011612
22-01-2020,0.09000000357627869,0.09000000357627869,2100,0.09000000357627869,0.09000000357627869,0.09000000357627869
23-01-2020,0.05999999865889549,0.05999999865889549,1000,0.09000000357627869,0.09000000357627869,0.09000000357627869
24-01-2020,0.05000000074505806,0.05000000074505806,1200,0.10000000149011612,0.10000000149011612,0.10000000149011612
27-01-2020,0.05000000074505806,0.05000000074505806,300,0.10000000149011612,0.10000000149011612,0.10000000149011612
28-01-2020,0.05999999865889549,0.10000000149011612,5000,0.10000000149011612,0.10000000149011612,0.10000000149011612
29-01-2020,0.09000000357627869,0.09000000357627869,100,0.09000000357627869,0.09000000357627869,0.09000000357627869
30-01-2020,0.10000000149011612,0.10000000149011612,100,0.10000000149011612,0.10000000149011612,0.10000000149011612
31-01-2020,0.09000000357627869,0.09000000357627869,100,0.09000000357627869,0.09000000357627869,0.09000000357627869
03-02-2020,0.07000000029802322,0.07000000029802322,3400,0.07000000029802322,0.07000000029802322,0.07000000029802322
04-02-2020,0.07000000029802322,0.07000000029802322,0,0.07000000029802322,0.07000000029802322,0.07000000029802322
05-02-2020,0.05000000074505806,0.05000000074505806,200,0.05000000074505806,0.05000000074505806,0.05000000074505806
06-02-2020,0.05999999865889549,0.05999999865889549,11100,0.07000000029802322,0.07000000029802322,0.07000000029802322
07-02-2020,0.07000000029802322,0.07000000029802322,0,0.07000000029802322,0.07000000029802322,0.07000000029802322
10-02-2020,0.07000000029802322,0.10000000149011612,2000,0.10000000149011612,0.07000000029802322,0.07000000029802322
11-02-2020,0.05000000074505806,0.09000000357627869,26200,0.09000000357627869,0.07000000029802322,0.07000000029802322
12-02-2020,0.07000000029802322,0.07000000029802322,0,0.07000000029802322,0.07000000029802322,0.07000000029802322
13-02-2020,0.07000000029802322,0.07000000029802322,1200,0.07000000029802322,0.07000000029802322,0.07000000029802322
14-02-2020,0.07000000029802322,0.07999999821186066,11100,0.07999999821186066,0.07999999821186066,0.07999999821186066
18-02-2020,0.07000000029802322,0.07000000029802322,600,0.07999999821186066,0.07999999821186066,0.07999999821186066
19-02-2020,0.07000000029802322,0.07000000029802322,200,0.07999999821186066,0.07999999821186066,0.07999999821186066
20-02-2020,0.05999999865889549,0.07000000029802322,1300,0.07999999821186066,0.07999999821186066,0.07999999821186066
21-02-2020,0.07999999821186066,0.07999999821186066,10000,0.07999999821186066,0.07999999821186066,0.07999999821186066
24-02-2020,0.09000000357627869,0.10000000149011612,239200,0.699999988079071,0.3100000023841858,0.3100000023841858
25-02-2020,0.33000001311302185,0.47999998927116394,164600,0.5099999904632568,0.38999998569488525,0.38999998569488525
26-02-2020,0.28999999165534973,0.3799999952316284,61600,0.38999998569488525,0.3499999940395355,0.3499999940395355
27-02-2020,0.30000001192092896,0.3499999940395355,68400,0.3799999952316284,0.3199999928474426,0.3199999928474426
28-02-2020,0.23000000417232513,0.3400000035762787,55100,0.3400000035762787,0.23000000417232513,0.23000000417232513
02-03-2020,0.11999999731779099,0.12999999523162842,30100,0.20000000298023224,0.14000000059604645,0.14000000059604645
03-03-2020,0.17000000178813934,0.20000000298023224,32500,0.3499999940395355,0.18000000715255737,0.18000000715255737
04-03-2020,0.1599999964237213,0.20000000298023224,23700,0.30000001192092896,0.27000001072883606,0.27000001072883606
05-03-2020,0.25,0.25999999046325684,4400,0.27000001072883606,0.25,0.25
06-03-2020,0.25,0.25,2100,0.30000001192092896,0.25,0.25
09-03-2020,0.15000000596046448,0.15000000596046448,23900,0.25,0.23000000417232513,0.23000000417232513
10-03-2020,0.1899999976158142,0.23000000417232513,10400,0.23000000417232513,0.1899999976158142,0.1899999976158142
11-03-2020,0.1899999976158142,0.1899999976158142,800,0.1899999976158142,0.1899999976158142,0.1899999976158142
12-03-2020,0.1899999976158142,0.1899999976158142,6600,0.25,0.23999999463558197,0.23999999463558197
13-03-2020,0.23999999463558197,0.23999999463558197,11800,0.2800000011920929,0.2800000011920929,0.2800000011920929
16-03-2020,0.15000000596046448,0.30000001192092896,18600,0.30000001192092896,0.20000000298023224,0.20000000298023224
17-03-2020,0.17000000178813934,0.1899999976158142,4900,0.1899999976158142,0.17000000178813934,0.17000000178813934
18-03-2020,0.17000000178813934,0.17000000178813934,0,0.17000000178813934,0.17000000178813934,0.17000000178813934
19-03-2020,0.15000000596046448,0.2199999988079071,9500,0.2800000011920929,0.2800000011920929,0.2800000011920929
20-03-2020,0.15000000596046448,0.2800000011920929,2900,0.2800000011920929,0.20000000298023224,0.20000000298023224
23-03-2020,0.1599999964237213,0.25999999046325684,18300,0.2800000011920929,0.27000001072883606,0.27000001072883606
24-03-2020,0.15000000596046448,0.27000001072883606,33100,0.27000001072883606,0.17000000178813934,0.17000000178813934
25-03-2020,0.18000000715255737,0.25999999046325684,9200,0.25999999046325684,0.25,0.25
26-03-2020,0.18000000715255737,0.25,9800,0.25,0.20999999344348907,0.20999999344348907
27-03-2020,0.1899999976158142,0.27000001072883606,15000,0.27000001072883606,0.25,0.25
30-03-2020,0.25999999046325684,0.25999999046325684,17000,0.27000001072883606,0.27000001072883606,0.27000001072883606
31-03-2020,0.18000000715255737,0.25,15400,0.25,0.25,0.25
01-04-2020,0.18000000715255737,0.18000000715255737,40800,0.2199999988079071,0.2199999988079071,0.2199999988079071
02-04-2020,0.23000000417232513,0.25,1300,0.25,0.23000000417232513,0.23000000417232513
03-04-2020,0.17000000178813934,0.17000000178813934,5100,0.25999999046325684,0.18000000715255737,0.18000000715255737
06-04-2020,0.18000000715255737,0.25999999046325684,1600,0.25999999046325684,0.18000000715255737,0.18000000715255737
07-04-2020,0.27000001072883606,0.27000001072883606,4000,0.27000001072883606,0.27000001072883606,0.27000001072883606
08-04-2020,0.15000000596046448,0.15000000596046448,2700,0.23999999463558197,0.23999999463558197,0.23999999463558197
09-04-2020,0.23999999463558197,0.23999999463558197,0,0.23999999463558197,0.23999999463558197,0.23999999463558197
13-04-2020,0.23999999463558197,0.23999999463558197,0,0.23999999463558197,0.23999999463558197,0.23999999463558197
14-04-2020,0.18000000715255737,0.18000000715255737,11200,0.27000001072883606,0.25,0.25
15-04-2020,0.23000000417232513,0.2800000011920929,2700,0.2800000011920929,0.23000000417232513,0.23000000417232513
16-04-2020,0.20000000298023224,0.27000001072883606,10000,0.27000001072883606,0.25,0.25
17-04-2020,0.2800000011920929,0.2800000011920929,1200,0.2800000011920929,0.2800000011920929,0.2800000011920929
20-04-2020,0.20000000298023224,0.2800000011920929,76500,0.30000001192092896,0.27000001072883606,0.27000001072883606
21-04-2020,0.20000000298023224,0.2800000011920929,1300,0.2800000011920929,0.2800000011920929,0.2800000011920929
22-04-2020,0.20999999344348907,0.30000001192092896,21100,0.30000001192092896,0.20999999344348907,0.20999999344348907
23-04-2020,0.20999999344348907,0.20999999344348907,9000,0.20999999344348907,0.20999999344348907,0.20999999344348907
24-04-2020,0.20999999344348907,0.2800000011920929,10300,0.2800000011920929,0.2800000011920929,0.2800000011920929
27-04-2020,0.20999999344348907,0.2800000011920929,7900,0.2800000011920929,0.23000000417232513,0.23000000417232513
28-04-2020,0.2199999988079071,0.2199999988079071,1700,0.27000001072883606,0.2199999988079071,0.2199999988079071
29-04-2020,0.23000000417232513,0.23000000417232513,4400,0.27000001072883606,0.27000001072883606,0.27000001072883606
30-04-2020,0.20999999344348907,0.25999999046325684,27500,0.25999999046325684,0.2199999988079071,0.2199999988079071
01-05-2020,0.20000000298023224,0.20999999344348907,8400,0.2199999988079071,0.2199999988079071,0.2199999988079071
04-05-2020,0.20000000298023224,0.25999999046325684,7100,0.27000001072883606,0.20999999344348907,0.20999999344348907
05-05-2020,0.2199999988079071,0.25,1800,0.25,0.23000000417232513,0.23000000417232513
06-05-2020,0.20000000298023224,0.23999999463558197,2600,0.23999999463558197,0.20000000298023224,0.20000000298023224
07-05-2020,0.20000000298023224,0.20000000298023224,0,0.20000000298023224,0.20000000298023224,0.20000000298023224
08-05-2020,0.20999999344348907,0.23999999463558197,12900,0.23999999463558197,0.20999999344348907,0.20999999344348907
11-05-2020,0.20999999344348907,0.23000000417232513,7700,0.23999999463558197,0.2199999988079071,0.2199999988079071
12-05-2020,0.20999999344348907,0.20999999344348907,5400,0.20999999344348907,0.20999999344348907,0.20999999344348907
13-05-2020,0.20000000298023224,0.23999999463558197,13600,0.23999999463558197,0.20000000298023224,0.20000000298023224
14-05-2020,0.1899999976158142,0.23000000417232513,11100,0.23000000417232513,0.20999999344348907,0.20999999344348907
15-05-2020,0.20000000298023224,0.20000000298023224,2000,0.20000000298023224,0.20000000298023224,0.20000000298023224
18-05-2020,0.18000000715255737,0.18000000715255737,1900,0.23999999463558197,0.23999999463558197,0.23999999463558197
19-05-2020,0.23999999463558197,0.23999999463558197,0,0.23999999463558197,0.23999999463558197,0.23999999463558197
20-05-2020,0.2199999988079071,0.25,6800,0.25,0.2199999988079071,0.2199999988079071
21-05-2020,0.2199999988079071,0.2199999988079071,900,0.2199999988079071,0.2199999988079071,0.2199999988079071
22-05-2020,0.1899999976158142,0.23999999463558197,9100,0.23999999463558197,0.1899999976158142,0.1899999976158142
26-05-2020,0.1899999976158142,0.23000000417232513,16200,0.23000000417232513,0.20000000298023224,0.20000000298023224
27-05-2020,0.20000000298023224,0.20999999344348907,6400,0.2199999988079071,0.20000000298023224,0.20000000298023224
28-05-2020,0.20000000298023224,0.20000000298023224,300,0.20000000298023224,0.20000000298023224,0.20000000298023224
29-05-2020,0.20000000298023224,0.20000000298023224,2500,0.20000000298023224,0.20000000298023224,0.20000000298023224
01-06-2020,0.1899999976158142,0.1899999976158142,2600,0.2199999988079071,0.2199999988079071,0.2199999988079071
02-06-2020,0.20999999344348907,0.2199999988079071,7500,0.2199999988079071,0.20999999344348907,0.20999999344348907
03-06-2020,0.1899999976158142,0.20000000298023224,1800,0.20000000298023224,0.1899999976158142,0.1899999976158142
04-06-2020,0.1899999976158142,0.20000000298023224,13100,0.2199999988079071,0.20000000298023224,0.20000000298023224
05-06-2020,0.1899999976158142,0.20000000298023224,11600,0.20999999344348907,0.1899999976158142,0.1899999976158142
08-06-2020,0.1899999976158142,0.23000000417232513,24900,0.23000000417232513,0.1899999976158142,0.1899999976158142
09-06-2020,0.20999999344348907,0.20999999344348907,500,0.20999999344348907,0.20999999344348907,0.20999999344348907
10-06-2020,0.20999999344348907,0.23000000417232513,32900,0.23999999463558197,0.20999999344348907,0.20999999344348907
11-06-2020,0.1599999964237213,0.1599999964237213,3300,0.23999999463558197,0.20999999344348907,0.20999999344348907
12-06-2020,0.20999999344348907,0.23000000417232513,5700,0.23999999463558197,0.2199999988079071,0.2199999988079071
15-06-2020,0.2199999988079071,0.23999999463558197,14400,0.23999999463558197,0.2199999988079071,0.2199999988079071
16-06-2020,0.2199999988079071,0.2199999988079071,200,0.2199999988079071,0.2199999988079071,0.2199999988079071
17-06-2020,0.20999999344348907,0.23000000417232513,5500,0.23999999463558197,0.2199999988079071,0.2199999988079071
18-06-2020,0.20999999344348907,0.2199999988079071,13300,0.2199999988079071,0.2199999988079071,0.2199999988079071
19-06-2020,0.20000000298023224,0.2199999988079071,4900,0.2199999988079071,0.20000000298023224,0.20000000298023224
22-06-2020,0.20000000298023224,0.23999999463558197,6000,0.23999999463558197,0.20000000298023224,0.20000000298023224
23-06-2020,0.1899999976158142,0.1899999976158142,14100,0.20000000298023224,0.1899999976158142,0.1899999976158142
24-06-2020,0.1899999976158142,0.20000000298023224,9600,0.20000000298023224,0.1899999976158142,0.1899999976158142
25-06-2020,0.20999999344348907,0.20999999344348907,300,0.20999999344348907,0.20999999344348907,0.20999999344348907
26-06-2020,0.20999999344348907,0.20999999344348907,7500,0.23000000417232513,0.2199999988079071,0.2199999988079071
29-06-2020,0.20999999344348907,0.23000000417232513,3400,0.23000000417232513,0.20999999344348907,0.20999999344348907
30-06-2020,0.17000000178813934,0.17000000178813934,12500,0.2199999988079071,0.20999999344348907,0.20999999344348907
01-07-2020,0.15000000596046448,0.1599999964237213,6900,0.1599999964237213,0.15000000596046448,0.15000000596046448
02-07-2020,0.14000000059604645,0.14000000059604645,15200,0.23000000417232513,0.23000000417232513,0.23000000417232513
06-07-2020,0.14000000059604645,0.2199999988079071,1200,0.2199999988079071,0.2199999988079071,0.2199999988079071
07-07-2020,0.14000000059604645,0.14000000059604645,9300,0.23000000417232513,0.18000000715255737,0.18000000715255737
08-07-2020,0.1899999976158142,0.1899999976158142,1700,0.20000000298023224,0.20000000298023224,0.20000000298023224
09-07-2020,0.20000000298023224,0.20000000298023224,5000,0.23000000417232513,0.20000000298023224,0.20000000298023224
10-07-2020,0.17000000178813934,0.2199999988079071,12400,0.2199999988079071,0.17000000178813934,0.17000000178813934
13-07-2020,0.17000000178813934,0.17000000178813934,7800,0.23000000417232513,0.17000000178813934,0.17000000178813934
14-07-2020,0.17000000178813934,0.17000000178813934,0,0.17000000178813934,0.17000000178813934,0.17000000178813934
15-07-2020,0.14000000059604645,0.15000000596046448,19800,0.2199999988079071,0.18000000715255737,0.18000000715255737
16-07-2020,0.1899999976158142,0.2199999988079071,1900,0.2199999988079071,0.1899999976158142,0.1899999976158142
17-07-2020,0.18000000715255737,0.18000000715255737,3200,0.20000000298023224,0.18000000715255737,0.18000000715255737
20-07-2020,0.18000000715255737,0.20999999344348907,4100,0.20999999344348907,0.18000000715255737,0.18000000715255737
21-07-2020,0.18000000715255737,0.20000000298023224,2500,0.20000000298023224,0.18000000715255737,0.18000000715255737
22-07-2020,0.14000000059604645,0.18000000715255737,25400,0.20000000298023224,0.20000000298023224,0.20000000298023224
23-07-2020,0.18000000715255737,0.18000000715255737,2000,0.18000000715255737,0.18000000715255737,0.18000000715255737
24-07-2020,0.17000000178813934,0.20000000298023224,17800,0.20000000298023224,0.17000000178813934,0.17000000178813934
27-07-2020,0.1599999964237213,0.17000000178813934,8600,0.17000000178813934,0.17000000178813934,0.17000000178813934
28-07-2020,0.17000000178813934,0.17000000178813934,1800,0.20000000298023224,0.20000000298023224,0.20000000298023224
29-07-2020,0.1899999976158142,0.20000000298023224,24000,0.20999999344348907,0.20999999344348907,0.20999999344348907
30-07-2020,0.20999999344348907,0.2199999988079071,2300,0.2199999988079071,0.20999999344348907,0.20999999344348907
31-07-2020,0.15000000596046448,0.15000000596046448,6800,0.18000000715255737,0.18000000715255737,0.18000000715255737
03-08-2020,0.2199999988079071,0.2199999988079071,1500,0.23000000417232513,0.23000000417232513,0.23000000417232513
04-08-2020,0.20999999344348907,0.2199999988079071,15700,0.23000000417232513,0.2199999988079071,0.2199999988079071
05-08-2020,0.17000000178813934,0.23000000417232513,3900,0.23000000417232513,0.20999999344348907,0.20999999344348907
06-08-2020,0.18000000715255737,0.2199999988079071,1900,0.2199999988079071,0.1899999976158142,0.1899999976158142
07-08-2020,0.17000000178813934,0.18000000715255737,15300,0.2199999988079071,0.1899999976158142,0.1899999976158142
10-08-2020,0.1599999964237213,0.20000000298023224,9200,0.20999999344348907,0.20999999344348907,0.20999999344348907
11-08-2020,0.17000000178813934,0.20999999344348907,9100,0.20999999344348907,0.20000000298023224,0.20000000298023224
12-08-2020,0.20000000298023224,0.20999999344348907,7400,0.20999999344348907,0.20999999344348907,0.20999999344348907
13-08-2020,0.17000000178813934,0.2199999988079071,7600,0.23000000417232513,0.20999999344348907,0.20999999344348907
14-08-2020,0.2199999988079071,0.23000000417232513,109900,0.25999999046325684,0.25999999046325684,0.25999999046325684
17-08-2020,0.20999999344348907,0.25,95000,0.30000001192092896,0.27000001072883606,0.27000001072883606
18-08-2020,0.25,0.25,155400,0.30000001192092896,0.2800000011920929,0.2800000011920929
19-08-2020,0.2800000011920929,0.2800000011920929,36200,0.30000001192092896,0.30000001192092896,0.30000001192092896
20-08-2020,0.28999999165534973,0.30000001192092896,31000,0.3499999940395355,0.33000001311302185,0.33000001311302185
21-08-2020,0.28999999165534973,0.3499999940395355,75900,0.3700000047683716,0.3700000047683716,0.3700000047683716
24-08-2020,0.3700000047683716,0.3799999952316284,112300,0.47999998927116394,0.41999998688697815,0.41999998688697815
25-08-2020,0.4300000071525574,0.5699999928474426,54100,0.5699999928474426,0.47999998927116394,0.47999998927116394
26-08-2020,0.28999999165534973,0.44999998807907104,100800,0.5699999928474426,0.3199999928474426,0.3199999928474426
27-08-2020,0.3400000035762787,0.36000001430511475,33700,0.4399999976158142,0.3499999940395355,0.3499999940395355
28-08-2020,0.3499999940395355,0.4399999976158142,25800,0.4399999976158142,0.4000000059604645,0.4000000059604645
31-08-2020,0.30000001192092896,0.4000000059604645,72000,0.4399999976158142,0.3199999928474426,0.3199999928474426
01-09-2020,0.30000001192092896,0.30000001192092896,89900,0.3499999940395355,0.3199999928474426,0.3199999928474426
02-09-2020,0.30000001192092896,0.33000001311302185,52200,0.33000001311302185,0.3199999928474426,0.3199999928474426
03-09-2020,0.30000001192092896,0.33000001311302185,115900,0.38999998569488525,0.38999998569488525,0.38999998569488525
04-09-2020,0.25999999046325684,0.38999998569488525,44300,0.38999998569488525,0.30000001192092896,0.30000001192092896
08-09-2020,0.25999999046325684,0.30000001192092896,23600,0.47999998927116394,0.3100000023841858,0.3100000023841858
09-09-2020,0.25,0.3100000023841858,15200,0.3100000023841858,0.25,0.25
10-09-2020,0.23000000417232513,0.25999999046325684,63300,0.3100000023841858,0.25,0.25
11-09-2020,0.2199999988079071,0.2199999988079071,2100,0.23000000417232513,0.23000000417232513,0.23000000417232513
14-09-2020,0.20999999344348907,0.20999999344348907,9500,0.33000001311302185,0.2199999988079071,0.2199999988079071
15-09-2020,0.23000000417232513,0.30000001192092896,12600,0.30000001192092896,0.27000001072883606,0.27000001072883606
16-09-2020,0.23000000417232513,0.27000001072883606,700,0.27000001072883606,0.23000000417232513,0.23000000417232513
17-09-2020,0.20000000298023224,0.2199999988079071,70900,0.23999999463558197,0.23000000417232513,0.23000000417232513
18-09-2020,0.18000000715255737,0.18000000715255737,11700,0.23000000417232513,0.20999999344348907,0.20999999344348907
21-09-2020,0.20999999344348907,0.20999999344348907,108100,0.23999999463558197,0.23999999463558197,0.23999999463558197
22-09-2020,0.18000000715255737,0.25,67300,0.25,0.18000000715255737,0.18000000715255737
23-09-2020,0.20000000298023224,0.25,98500,0.3100000023841858,0.2199999988079071,0.2199999988079071
24-09-2020,0.18000000715255737,0.23000000417232513,23300,0.23000000417232513,0.1899999976158142,0.1899999976158142
25-09-2020,0.18000000715255737,0.18000000715255737,90100,0.33000001311302185,0.2199999988079071,0.2199999988079071
28-09-2020,0.20000000298023224,0.30000001192092896,69200,0.30000001192092896,0.20000000298023224,0.20000000298023224
29-09-2020,0.20000000298023224,0.20000000298023224,43400,0.20999999344348907,0.20000000298023224,0.20000000298023224
30-09-2020,0.1899999976158142,0.20999999344348907,6500,0.20999999344348907,0.20000000298023224,0.20000000298023224
01-10-2020,0.1599999964237213,0.1899999976158142,112900,0.20999999344348907,0.20999999344348907,0.20999999344348907
02-10-2020,0.1599999964237213,0.20999999344348907,48000,0.20999999344348907,0.1899999976158142,0.1899999976158142
05-10-2020,0.1599999964237213,0.20000000298023224,50300,0.20000000298023224,0.18000000715255737,0.18000000715255737
06-10-2020,0.10999999940395355,0.18000000715255737,116600,0.18000000715255737,0.15000000596046448,0.15000000596046448
07-10-2020,0.1599999964237213,0.1599999964237213,32100,0.17000000178813934,0.1599999964237213,0.1599999964237213
08-10-2020,0.17000000178813934,0.17000000178813934,71000,0.17000000178813934,0.17000000178813934,0.17000000178813934
09-10-2020,0.12999999523162842,0.12999999523162842,5100,0.1599999964237213,0.1599999964237213,0.1599999964237213
12-10-2020,0.14000000059604645,0.1899999976158142,12200,0.1899999976158142,0.1899999976158142,0.1899999976158142
13-10-2020,0.11999999731779099,0.12999999523162842,59500,0.1899999976158142,0.17000000178813934,0.17000000178813934
14-10-2020,0.1599999964237213,0.1599999964237213,600,0.17000000178813934,0.17000000178813934,0.17000000178813934
15-10-2020,0.14000000059604645,0.14000000059604645,2300,0.18000000715255737,0.18000000715255737,0.18000000715255737
16-10-2020,0.12999999523162842,0.1899999976158142,44600,0.1899999976158142,0.12999999523162842,0.12999999523162842
19-10-2020,0.14000000059604645,0.15000000596046448,5300,0.17000000178813934,0.14000000059604645,0.14000000059604645
20-10-2020,0.12999999523162842,0.15000000596046448,68900,0.17000000178813934,0.15000000596046448,0.15000000596046448
21-10-2020,0.14000000059604645,0.1599999964237213,6700,0.1599999964237213,0.14000000059604645,0.14000000059604645
22-10-2020,0.14000000059604645,0.15000000596046448,4600,0.15000000596046448,0.15000000596046448,0.15000000596046448
23-10-2020,0.14000000059604645,0.14000000059604645,3200,0.15000000596046448,0.15000000596046448,0.15000000596046448
26-10-2020,0.14000000059604645,0.15000000596046448,31000,0.15000000596046448,0.14000000059604645,0.14000000059604645
27-10-2020,0.12999999523162842,0.15000000596046448,32600,0.15000000596046448,0.15000000596046448,0.15000000596046448
28-10-2020,0.15000000596046448,0.15000000596046448,0,0.15000000596046448,0.15000000596046448,0.15000000596046448
29-10-2020,0.12999999523162842,0.15000000596046448,21200,0.15000000596046448,0.12999999523162842,0.12999999523162842
30-10-2020,0.12999999523162842,0.15000000596046448,22700,0.15000000596046448,0.12999999523162842,0.12999999523162842
02-11-2020,0.12999999523162842,0.12999999523162842,7900,0.15000000596046448,0.12999999523162842,0.12999999523162842
03-11-2020,0.14000000059604645,0.15000000596046448,16400,0.15000000596046448,0.15000000596046448,0.15000000596046448
04-11-2020,0.15000000596046448,0.15000000596046448,2700,0.15000000596046448,0.15000000596046448,0.15000000596046448
05-11-2020,0.14000000059604645,0.14000000059604645,2500,0.15000000596046448,0.15000000596046448,0.15000000596046448
06-11-2020,0.15000000596046448,0.15000000596046448,2100,0.15000000596046448,0.15000000596046448,0.15000000596046448
09-11-2020,0.15000000596046448,0.15000000596046448,11600,0.15000000596046448,0.15000000596046448,0.15000000596046448
10-11-2020,0.14000000059604645,0.15000000596046448,14200,0.1899999976158142,0.17000000178813934,0.17000000178813934
11-11-2020,0.14000000059604645,0.14000000059604645,32100,0.1899999976158142,0.17000000178813934,0.17000000178813934
12-11-2020,0.1599999964237213,0.1899999976158142,8300,0.1899999976158142,0.1599999964237213,0.1599999964237213
13-11-2020,0.14000000059604645,0.18000000715255737,23300,0.1899999976158142,0.15000000596046448,0.15000000596046448
16-11-2020,0.15000000596046448,0.18000000715255737,3700,0.1899999976158142,0.1599999964237213,0.1599999964237213
17-11-2020,0.15000000596046448,0.1899999976158142,19800,0.1899999976158142,0.17000000178813934,0.17000000178813934
18-11-2020,0.1599999964237213,0.1599999964237213,2700,0.18000000715255737,0.1599999964237213,0.1599999964237213
19-11-2020,0.1599999964237213,0.1599999964237213,3000,0.18000000715255737,0.18000000715255737,0.18000000715255737
20-11-2020,0.17000000178813934,0.18000000715255737,12200,0.18000000715255737,0.17000000178813934,0.17000000178813934
23-11-2020,0.14000000059604645,0.1599999964237213,59900,0.18000000715255737,0.1599999964237213,0.1599999964237213
24-11-2020,0.14000000059604645,0.15000000596046448,3400,0.17000000178813934,0.17000000178813934,0.17000000178813934
25-11-2020,0.14000000059604645,0.18000000715255737,29700,0.18000000715255737,0.15000000596046448,0.15000000596046448
27-11-2020,0.15000000596046448,0.18000000715255737,33100,0.18000000715255737,0.15000000596046448,0.15000000596046448
30-11-2020,0.1599999964237213,0.18000000715255737,14400,0.18000000715255737,0.17000000178813934,0.17000000178813934
01-12-2020,0.15000000596046448,0.17000000178813934,18700,0.18000000715255737,0.18000000715255737,0.18000000715255737
